country,country_iso3,year,type,patch_id,station_count,capacity_gw
Afghanistan,AFG,2030,solar,R02C09,1054,25.064963
Afghanistan,AFG,2030,solar,R03C09,12,0.70731
Afghanistan,AFG,2030,wind,R02C09,1080,26.973658
Afghanistan,AFG,2030,wind,R03C09,5,0.049971
Afghanistan,AFG,2040,solar,R02C09,1054,28.373245
Afghanistan,AFG,2040,solar,R03C09,12,0.737383
Afghanistan,AFG,2040,wind,R02C09,1080,29.660461
Afghanistan,AFG,2040,wind,R03C09,5,0.054018
Afghanistan,AFG,2050,solar,R02C09,1118,36.216479
Afghanistan,AFG,2050,solar,R03C09,12,0.79459
Afghanistan,AFG,2050,wind,R02C09,1080,41.491599
Afghanistan,AFG,2050,wind,R03C09,5,0.083475
Albania,ALB,2030,solar,R02C07,11,0.039888
Albania,ALB,2030,wind,R02C07,96,0.343653
Albania,ALB,2040,solar,R02C07,48,0.214569
Albania,ALB,2040,wind,R02C07,96,0.376539
Albania,ALB,2050,solar,R02C07,48,0.214569
Albania,ALB,2050,wind,R02C07,96,0.539208
Algeria,DZA,2030,solar,R02C06,459,6.023297
Algeria,DZA,2030,solar,R02C07,1488,22.143751
Algeria,DZA,2030,solar,R03C06,49,2.993549
Algeria,DZA,2030,solar,R03C07,311,10.646385
Algeria,DZA,2030,wind,R02C06,264,2.584353
Algeria,DZA,2030,wind,R02C07,1300,14.826123
Algeria,DZA,2030,wind,R03C07,179,3.330839
Algeria,DZA,2040,solar,R02C06,460,6.8733
Algeria,DZA,2040,solar,R02C07,1488,24.528272
Algeria,DZA,2040,solar,R03C06,49,3.220718
Algeria,DZA,2040,solar,R03C07,311,12.425632
Algeria,DZA,2040,wind,R02C06,264,2.920401
Algeria,DZA,2040,wind,R02C07,1300,16.584849
Algeria,DZA,2040,wind,R03C07,179,3.94624
Algeria,DZA,2050,solar,R02C06,465,9.703506
Algeria,DZA,2050,solar,R02C07,1488,33.501155
Algeria,DZA,2050,solar,R03C06,55,4.900641
Algeria,DZA,2050,solar,R03C07,311,16.262519
Algeria,DZA,2050,wind,R02C06,334,5.278974
Algeria,DZA,2050,wind,R02C07,1300,23.456243
Algeria,DZA,2050,wind,R03C06,35,0.126894
Algeria,DZA,2050,wind,R03C07,218,5.652477
Angola,AGO,2030,solar,R04C07,2589,35.267094
Angola,AGO,2030,wind,R04C07,1187,14.830846
Angola,AGO,2040,solar,R04C07,2592,38.71384
Angola,AGO,2040,wind,R04C07,1187,16.943449
Angola,AGO,2050,solar,R04C07,2744,51.021023
Angola,AGO,2050,wind,R04C07,1258,24.714304
Argentina,ARG,2030,solar,R04C04,2321,25.891806
Argentina,ARG,2030,solar,R04C05,776,8.468137
Argentina,ARG,2030,solar,R05C04,6057,65.989116
Argentina,ARG,2030,solar,R05C05,1024,7.771256
Argentina,ARG,2030,wind,R04C04,1293,12.140147
Argentina,ARG,2030,wind,R04C05,726,5.900822
Argentina,ARG,2030,wind,R05C04,4531,50.426388
Argentina,ARG,2030,wind,R05C05,1059,4.365569
Argentina,ARG,2040,solar,R04C04,2321,28.180255
Argentina,ARG,2040,solar,R04C05,776,9.171088
Argentina,ARG,2040,solar,R05C04,6059,72.106962
Argentina,ARG,2040,solar,R05C05,1024,8.64655
Argentina,ARG,2040,wind,R04C04,1371,13.579731
Argentina,ARG,2040,wind,R04C05,726,6.81384
Argentina,ARG,2040,wind,R05C04,4532,58.275493
Argentina,ARG,2040,wind,R05C05,1059,4.7393
Argentina,ARG,2050,solar,R04C04,2444,39.262547
Argentina,ARG,2050,solar,R04C05,778,12.808462
Argentina,ARG,2050,solar,R05C04,6256,98.763864
Argentina,ARG,2050,solar,R05C05,1125,12.288226
Argentina,ARG,2050,wind,R04C04,1523,18.983474
Argentina,ARG,2050,wind,R04C05,831,8.818731
Argentina,ARG,2050,wind,R05C04,4692,77.571699
Argentina,ARG,2050,wind,R05C05,1059,6.524413
Armenia,ARM,2030,solar,R02C08,18,0.100407
Armenia,ARM,2030,wind,R02C08,141,0.472072
Armenia,ARM,2040,solar,R02C08,18,0.112188
Armenia,ARM,2040,wind,R02C08,141,0.500755
Armenia,ARM,2050,solar,R02C08,18,0.151583
Armenia,ARM,2050,wind,R02C08,141,0.722373
Australia,AUS,2030,solar,R04C10,643,7.393604
Australia,AUS,2030,solar,R04C11,2182,46.666363
Australia,AUS,2030,solar,R04C12,903,8.043159
Australia,AUS,2030,solar,R05C10,472,5.771434
Australia,AUS,2030,solar,R05C11,3284,49.617458
Australia,AUS,2030,solar,R05C12,417,5.66335
Australia,AUS,2030,wind,R04C10,265,3.54729
Australia,AUS,2030,wind,R04C11,1449,39.820916
Australia,AUS,2030,wind,R04C12,1081,16.570072
Australia,AUS,2030,wind,R05C10,508,6.193816
Australia,AUS,2030,wind,R05C11,2657,28.071864
Australia,AUS,2030,wind,R05C12,170,2.361596
Australia,AUS,2040,solar,R04C10,645,8.298388
Australia,AUS,2040,solar,R04C11,2182,51.06166
Australia,AUS,2040,solar,R04C12,905,8.853728
Australia,AUS,2040,solar,R05C10,472,6.207875
Australia,AUS,2040,solar,R05C11,3290,54.780432
Australia,AUS,2040,solar,R05C12,417,6.264894
Australia,AUS,2040,wind,R04C10,265,3.739665
Australia,AUS,2040,wind,R04C11,1450,43.042385
Australia,AUS,2040,wind,R04C12,1081,18.143453
Australia,AUS,2040,wind,R05C10,508,6.582545
Australia,AUS,2040,wind,R05C11,2659,30.833024
Australia,AUS,2040,wind,R05C12,170,2.567676
Australia,AUS,2050,solar,R04C10,645,10.749461
Australia,AUS,2050,solar,R04C11,2244,67.814868
Australia,AUS,2050,solar,R04C12,907,12.242691
Australia,AUS,2050,solar,R05C10,472,7.238664
Australia,AUS,2050,solar,R05C11,3339,71.259156
Australia,AUS,2050,solar,R05C12,419,8.486079
Australia,AUS,2050,wind,R04C10,297,5.491357
Australia,AUS,2050,wind,R04C11,1696,59.676632
Australia,AUS,2050,wind,R04C12,1081,24.771122
Australia,AUS,2050,wind,R05C10,508,9.302696
Australia,AUS,2050,wind,R05C11,2846,40.926654
Australia,AUS,2050,wind,R05C12,170,3.448904
Austria,AUT,2030,solar,R02C07,499,1.443492
Austria,AUT,2030,wind,R02C07,331,3.032392
Austria,AUT,2040,solar,R02C07,668,3.77673
Austria,AUT,2040,wind,R02C07,331,3.172169
Austria,AUT,2050,solar,R02C07,668,3.822537
Austria,AUT,2050,wind,R02C07,331,4.271851
Azerbaijan,AZE,2030,solar,R02C08,258,1.790131
Azerbaijan,AZE,2030,wind,R02C08,657,5.563332
Azerbaijan,AZE,2040,solar,R02C08,258,1.872688
Azerbaijan,AZE,2040,wind,R02C08,657,6.420681
Azerbaijan,AZE,2050,solar,R02C08,259,2.377656
Azerbaijan,AZE,2050,wind,R02C08,657,8.723308
Bangladesh,BGD,2030,solar,R03C09,208,1.32384
Bangladesh,BGD,2030,solar,R03C10,93,0.136414
Bangladesh,BGD,2030,wind,R03C09,443,12.879193
Bangladesh,BGD,2030,wind,R03C10,290,16.629138
Bangladesh,BGD,2040,solar,R03C09,211,1.461019
Bangladesh,BGD,2040,solar,R03C10,94,0.152805
Bangladesh,BGD,2040,wind,R03C09,443,13.640595
Bangladesh,BGD,2040,wind,R03C10,290,17.272354
Bangladesh,BGD,2050,solar,R03C09,225,1.537486
Bangladesh,BGD,2050,solar,R03C10,95,0.221004
Bangladesh,BGD,2050,wind,R03C09,443,16.251331
Bangladesh,BGD,2050,wind,R03C10,361,22.875288
Belarus,BLR,2030,solar,R02C07,804,2.352051
Belarus,BLR,2030,solar,R02C08,152,0.60372
Belarus,BLR,2030,wind,R02C07,1357,4.14034
Belarus,BLR,2030,wind,R02C08,400,1.633546
Belarus,BLR,2040,solar,R02C07,806,2.665045
Belarus,BLR,2040,solar,R02C08,152,0.635533
Belarus,BLR,2040,wind,R02C07,1357,4.635771
Belarus,BLR,2040,wind,R02C08,400,1.804353
Belarus,BLR,2050,solar,R02C07,807,2.994475
Belarus,BLR,2050,solar,R02C08,152,0.719867
Belarus,BLR,2050,wind,R02C07,1391,6.652771
Belarus,BLR,2050,wind,R02C08,400,2.248454
Belgium,BEL,2030,solar,R02C07,179,2.435513
Belgium,BEL,2030,wind,R02C07,107,0.519059
Belgium,BEL,2040,solar,R02C07,378,7.241312
Belgium,BEL,2040,wind,R02C07,107,0.562682
Belgium,BEL,2050,solar,R02C07,378,7.243611
Belgium,BEL,2050,wind,R02C07,107,0.750274
Belize,BLZ,2030,solar,R03C04,85,1.061365
Belize,BLZ,2030,wind,R03C04,128,0.699297
Belize,BLZ,2040,solar,R03C04,85,1.163432
Belize,BLZ,2040,wind,R03C04,129,0.770683
Belize,BLZ,2050,solar,R03C04,85,1.528674
Belize,BLZ,2050,wind,R03C04,129,1.108695
Benin,BEN,2030,solar,R03C07,684,5.954402
Benin,BEN,2030,wind,R03C07,561,10.247755
Benin,BEN,2040,solar,R03C07,685,6.450539
Benin,BEN,2040,wind,R03C07,562,11.071994
Benin,BEN,2050,solar,R03C07,685,9.184411
Benin,BEN,2050,wind,R03C07,562,14.909051
Bhutan,BTN,2030,solar,R03C09,6,0.00443
Bhutan,BTN,2030,solar,R03C10,11,0.00328
Bhutan,BTN,2030,wind,R03C09,13,0.004553
Bhutan,BTN,2030,wind,R03C10,16,0.158038
Bhutan,BTN,2040,solar,R03C09,6,0.005108
Bhutan,BTN,2040,solar,R03C10,11,0.003415
Bhutan,BTN,2040,wind,R03C09,13,0.004711
Bhutan,BTN,2040,wind,R03C10,16,0.158284
Bhutan,BTN,2050,solar,R03C09,6,0.006432
Bhutan,BTN,2050,solar,R03C10,11,0.004585
Bhutan,BTN,2050,wind,R03C09,13,0.006806
Bhutan,BTN,2050,wind,R03C10,30,0.253488
Bolivia,BOL,2030,solar,R04C04,1597,15.395264
Bolivia,BOL,2030,solar,R04C05,117,1.036109
Bolivia,BOL,2030,wind,R04C04,482,4.570583
Bolivia,BOL,2030,wind,R04C05,50,0.212404
Bolivia,BOL,2040,solar,R04C04,1598,17.464206
Bolivia,BOL,2040,solar,R04C05,117,1.178785
Bolivia,BOL,2040,wind,R04C04,482,4.79284
Bolivia,BOL,2040,wind,R04C05,50,0.227077
Bolivia,BOL,2050,solar,R04C04,1598,22.493847
Bolivia,BOL,2050,solar,R04C05,117,1.547763
Bolivia,BOL,2050,wind,R04C04,528,6.926599
Bolivia,BOL,2050,wind,R04C05,50,0.329284
Bosnia and Herz.,BIH,2030,solar,R02C07,228,0.968074
Bosnia and Herz.,BIH,2030,wind,R02C07,222,0.718978
Bosnia and Herz.,BIH,2040,solar,R02C07,307,1.860497
Bosnia and Herz.,BIH,2040,wind,R02C07,222,0.819415
Bosnia and Herz.,BIH,2050,solar,R02C07,307,1.860497
Bosnia and Herz.,BIH,2050,wind,R02C07,222,1.083283
Botswana,BWA,2030,solar,R04C07,1507,19.011734
Botswana,BWA,2030,wind,R04C07,1024,8.545525
Botswana,BWA,2040,solar,R04C07,1507,20.836627
Botswana,BWA,2040,wind,R04C07,1024,9.485061
Botswana,BWA,2050,solar,R04C07,1609,29.815919
Botswana,BWA,2050,wind,R04C07,1024,13.060819
Brazil,BRA,2030,solar,R03C04,328,3.885634
Brazil,BRA,2030,solar,R03C05,232,2.171422
Brazil,BRA,2030,solar,R04C04,364,3.133317
Brazil,BRA,2030,solar,R04C05,18886,179.68733
Brazil,BRA,2030,solar,R05C05,506,4.730565
Brazil,BRA,2030,wind,R03C04,239,6.543936
Brazil,BRA,2030,wind,R03C05,64,0.445534
Brazil,BRA,2030,wind,R04C04,550,10.276127
Brazil,BRA,2030,wind,R04C05,18964,265.738953
Brazil,BRA,2030,wind,R05C05,428,5.142181
Brazil,BRA,2040,solar,R03C04,328,4.357486
Brazil,BRA,2040,solar,R03C05,232,2.284787
Brazil,BRA,2040,solar,R04C04,364,3.520884
Brazil,BRA,2040,solar,R04C05,19002,197.505987
Brazil,BRA,2040,solar,R05C05,507,5.191823
Brazil,BRA,2040,wind,R03C04,239,6.823142
Brazil,BRA,2040,wind,R03C05,64,0.472999
Brazil,BRA,2040,wind,R04C04,550,10.944091
Brazil,BRA,2040,wind,R04C05,18966,292.474945
Brazil,BRA,2040,wind,R05C05,428,5.687364
Brazil,BRA,2050,solar,R03C04,328,6.348055
Brazil,BRA,2050,solar,R03C05,232,3.156728
Brazil,BRA,2050,solar,R04C04,364,4.339948
Brazil,BRA,2050,solar,R04C05,19482,263.331876
Brazil,BRA,2050,solar,R05C05,513,6.812509
Brazil,BRA,2050,wind,R03C04,239,7.704878
Brazil,BRA,2050,wind,R03C05,64,0.542391
Brazil,BRA,2050,wind,R04C04,633,15.87796
Brazil,BRA,2050,wind,R04C05,20036,404.752389
Brazil,BRA,2050,wind,R05C05,428,7.610371
Bulgaria,BGR,2030,solar,R02C07,225,1.272808
Bulgaria,BGR,2030,wind,R02C07,745,3.040515
Bulgaria,BGR,2040,solar,R02C07,277,1.487281
Bulgaria,BGR,2040,wind,R02C07,746,3.439064
Bulgaria,BGR,2050,solar,R02C07,278,1.631144
Bulgaria,BGR,2050,wind,R02C07,746,4.504914
Burkina Faso,BFA,2030,solar,R03C06,641,7.801013
Burkina Faso,BFA,2030,solar,R03C07,136,1.774054
Burkina Faso,BFA,2030,wind,R03C06,776,13.76559
Burkina Faso,BFA,2030,wind,R03C07,77,0.78685
Burkina Faso,BFA,2040,solar,R03C06,642,8.530099
Burkina Faso,BFA,2040,solar,R03C07,136,1.955381
Burkina Faso,BFA,2040,wind,R03C06,782,15.003648
Burkina Faso,BFA,2040,wind,R03C07,77,0.86674
Burkina Faso,BFA,2050,solar,R03C06,834,12.30108
Burkina Faso,BFA,2050,solar,R03C07,136,2.634177
Burkina Faso,BFA,2050,wind,R03C06,951,20.543578
Burkina Faso,BFA,2050,wind,R03C07,77,1.134433
Burundi,BDI,2030,solar,R04C07,28,0.216086
Burundi,BDI,2030,solar,R04C08,61,1.459655
Burundi,BDI,2030,wind,R04C07,65,0.243415
Burundi,BDI,2030,wind,R04C08,94,4.400318
Burundi,BDI,2040,solar,R04C07,28,0.255271
Burundi,BDI,2040,solar,R04C08,61,1.5693
Burundi,BDI,2040,wind,R04C07,65,0.271815
Burundi,BDI,2040,wind,R04C08,94,5.129088
Burundi,BDI,2050,solar,R04C07,28,0.322266
Burundi,BDI,2050,solar,R04C08,61,1.836014
Burundi,BDI,2050,wind,R04C07,65,0.375914
Burundi,BDI,2050,wind,R04C08,94,7.160551
Cambodia,KHM,2030,solar,R03C10,724,10.135392
Cambodia,KHM,2030,wind,R03C10,758,13.526158
Cambodia,KHM,2040,solar,R03C10,725,10.846604
Cambodia,KHM,2040,wind,R03C10,758,15.157976
Cambodia,KHM,2050,solar,R03C10,726,12.252652
Cambodia,KHM,2050,wind,R03C10,855,19.421766
Cameroon,CMR,2030,solar,R03C07,554,3.404465
Cameroon,CMR,2030,wind,R03C07,632,5.747439
Cameroon,CMR,2040,solar,R03C07,555,4.079408
Cameroon,CMR,2040,wind,R03C07,632,6.481039
Cameroon,CMR,2050,solar,R03C07,640,5.305707
Cameroon,CMR,2050,wind,R03C07,658,8.81389
Canada,CAN,2030,solar,R02C02,79,0.196751
Canada,CAN,2030,solar,R02C03,3644,21.859231
Canada,CAN,2030,solar,R02C04,1631,8.34989
Canada,CAN,2030,solar,R02C05,140,1.405271
Canada,CAN,2030,wind,R02C02,205,1.263323
Canada,CAN,2030,wind,R02C03,4615,48.496097
Canada,CAN,2030,wind,R02C04,1538,12.552782
Canada,CAN,2030,wind,R02C05,63,2.116162
Canada,CAN,2040,solar,R02C02,79,0.220388
Canada,CAN,2040,solar,R02C03,3656,23.332967
Canada,CAN,2040,solar,R02C04,1633,9.02155
Canada,CAN,2040,solar,R02C05,140,1.484783
Canada,CAN,2040,wind,R02C02,205,1.453863
Canada,CAN,2040,wind,R02C03,4615,54.165671
Canada,CAN,2040,wind,R02C04,1539,14.322295
Canada,CAN,2040,wind,R02C05,64,2.329185
Canada,CAN,2050,solar,R02C02,79,0.27753
Canada,CAN,2050,solar,R02C03,3662,28.527577
Canada,CAN,2050,solar,R02C04,1633,10.862465
Canada,CAN,2050,solar,R02C05,140,2.016791
Canada,CAN,2050,wind,R02C02,205,2.063373
Canada,CAN,2050,wind,R02C03,4716,77.441391
Canada,CAN,2050,wind,R02C04,1539,19.7896
Canada,CAN,2050,wind,R02C05,64,2.966096
Central African Rep.,CAF,2030,solar,R03C07,68,0.918861
Central African Rep.,CAF,2030,wind,R03C07,15,0.261348
Central African Rep.,CAF,2040,solar,R03C07,68,0.974635
Central African Rep.,CAF,2040,wind,R03C07,15,0.310724
Central African Rep.,CAF,2050,solar,R03C07,68,0.996505
Central African Rep.,CAF,2050,wind,R03C07,41,0.455507
Chad,TCD,2030,solar,R03C07,559,9.826575
Chad,TCD,2030,wind,R03C07,684,16.265081
Chad,TCD,2040,solar,R03C07,561,11.019328
Chad,TCD,2040,wind,R03C07,684,18.542944
Chad,TCD,2050,solar,R03C07,562,13.038727
Chad,TCD,2050,wind,R03C07,718,21.323426
Chile,CHL,2030,solar,R04C04,586,6.486213
Chile,CHL,2030,solar,R05C04,428,2.879837
Chile,CHL,2030,wind,R04C04,417,2.189612
Chile,CHL,2030,wind,R05C04,697,9.395563
Chile,CHL,2040,solar,R04C04,587,7.197162
Chile,CHL,2040,solar,R05C04,428,3.14536
Chile,CHL,2040,wind,R04C04,417,2.380291
Chile,CHL,2040,wind,R05C04,697,10.458117
Chile,CHL,2050,solar,R04C04,660,10.784609
Chile,CHL,2050,solar,R05C04,429,4.250114
Chile,CHL,2050,wind,R04C04,445,4.317154
Chile,CHL,2050,wind,R05C04,697,14.4111
China,CHN,2030,solar,R02C09,3284,83.30261
China,CHN,2030,solar,R02C10,11209,247.761545
China,CHN,2030,solar,R02C11,3556,33.887374
China,CHN,2030,solar,R03C10,2629,24.223829
China,CHN,2030,solar,R03C11,96,2.025781
China,CHN,2030,wind,R02C09,2487,58.851577
China,CHN,2030,wind,R02C10,13008,253.178921
China,CHN,2030,wind,R02C11,5530,116.254411
China,CHN,2030,wind,R03C10,5258,58.258759
China,CHN,2030,wind,R03C11,275,10.086657
China,CHN,2040,solar,R02C09,3284,155.371581
China,CHN,2040,solar,R02C10,11224,358.975387
China,CHN,2040,solar,R02C11,3601,37.578939
China,CHN,2040,solar,R03C10,2638,26.672135
China,CHN,2040,solar,R03C11,96,2.046312
China,CHN,2040,wind,R02C09,2521,65.384103
China,CHN,2040,wind,R02C10,13071,280.579938
China,CHN,2040,wind,R02C11,5533,126.570403
China,CHN,2040,wind,R03C10,5346,63.324248
China,CHN,2040,wind,R03C11,275,11.443289
China,CHN,2050,solar,R02C09,3284,168.199086
China,CHN,2050,solar,R02C10,11411,407.78122
China,CHN,2050,solar,R02C11,3602,43.941675
China,CHN,2050,solar,R03C10,2729,32.999772
China,CHN,2050,solar,R03C11,97,2.58375
China,CHN,2050,wind,R02C09,2581,96.453641
China,CHN,2050,wind,R02C10,13792,378.642798
China,CHN,2050,wind,R02C11,5627,165.771299
China,CHN,2050,wind,R03C10,5811,88.797852
China,CHN,2050,wind,R03C11,275,16.3151
Colombia,COL,2030,solar,R03C04,2027,26.704811
Colombia,COL,2030,wind,R03C04,1723,16.233601
Colombia,COL,2040,solar,R03C04,2029,28.93249
Colombia,COL,2040,wind,R03C04,1724,18.256865
Colombia,COL,2050,solar,R03C04,2038,40.153977
Colombia,COL,2050,wind,R03C04,1819,24.987608
Congo,COG,2030,solar,R03C07,119,0.391974
Congo,COG,2030,solar,R04C07,487,3.902235
Congo,COG,2030,wind,R03C07,21,0.169346
Congo,COG,2030,wind,R04C07,376,3.656508
Congo,COG,2040,solar,R03C07,119,0.409247
Congo,COG,2040,solar,R04C07,488,4.290435
Congo,COG,2040,wind,R03C07,21,0.181463
Congo,COG,2040,wind,R04C07,376,3.985321
Congo,COG,2050,solar,R03C07,119,0.550505
Congo,COG,2050,solar,R04C07,489,5.616969
Congo,COG,2050,wind,R03C07,21,0.269282
Congo,COG,2050,wind,R04C07,376,5.400144
Costa Rica,CRI,2030,solar,R03C04,119,0.629605
Costa Rica,CRI,2040,solar,R03C04,119,0.656163
Costa Rica,CRI,2050,solar,R03C04,119,0.751353
Costa Rica,CRI,2050,wind,R03C04,86,0.362902
Croatia,HRV,2030,solar,R02C07,258,0.969146
Croatia,HRV,2030,wind,R02C07,445,1.931121
Croatia,HRV,2040,solar,R02C07,279,1.94313
Croatia,HRV,2040,wind,R02C07,447,2.206174
Croatia,HRV,2050,solar,R02C07,279,1.94313
Croatia,HRV,2050,wind,R02C07,461,3.124066
Cuba,CUB,2030,solar,R03C04,509,10.348731
Cuba,CUB,2030,wind,R03C04,378,3.013049
Cuba,CUB,2040,solar,R03C04,509,11.190595
Cuba,CUB,2040,wind,R03C04,380,3.132895
Cuba,CUB,2050,solar,R03C04,510,12.639717
Cuba,CUB,2050,wind,R03C04,566,5.775863
Cyprus,CYP,2030,solar,R02C08,11,0.222829
Cyprus,CYP,2040,solar,R02C08,11,0.24926
Cyprus,CYP,2050,solar,R02C08,11,0.269328
Czechia,CZE,2030,solar,R02C07,249,0.990265
Czechia,CZE,2030,wind,R02C07,554,2.509358
Czechia,CZE,2040,solar,R02C07,305,1.588435
Czechia,CZE,2040,wind,R02C07,554,2.807864
Czechia,CZE,2050,solar,R02C07,306,1.762526
Czechia,CZE,2050,wind,R02C07,554,4.034612
Côte d'Ivoire,CIV,2030,solar,R03C06,1113,13.358625
Côte d'Ivoire,CIV,2030,wind,R03C06,1240,21.91352
Côte d'Ivoire,CIV,2040,solar,R03C06,1113,14.711541
Côte d'Ivoire,CIV,2040,wind,R03C06,1241,22.89709
Côte d'Ivoire,CIV,2050,solar,R03C06,1113,18.658335
Côte d'Ivoire,CIV,2050,wind,R03C06,1406,29.793021
Dem. Rep. Congo,COD,2030,solar,R03C07,112,0.710454
Dem. Rep. Congo,COD,2030,solar,R03C08,69,0.153813
Dem. Rep. Congo,COD,2030,solar,R04C07,1986,18.017288
Dem. Rep. Congo,COD,2030,wind,R03C07,151,1.585832
Dem. Rep. Congo,COD,2030,wind,R03C08,149,9.68534
Dem. Rep. Congo,COD,2030,wind,R04C07,1882,22.88078
Dem. Rep. Congo,COD,2030,wind,R04C08,2,0.030262
Dem. Rep. Congo,COD,2040,solar,R03C07,112,0.748731
Dem. Rep. Congo,COD,2040,solar,R03C08,69,0.167146
Dem. Rep. Congo,COD,2040,solar,R04C07,1988,19.523608
Dem. Rep. Congo,COD,2040,wind,R03C07,151,1.87175
Dem. Rep. Congo,COD,2040,wind,R03C08,149,11.333859
Dem. Rep. Congo,COD,2040,wind,R04C07,1882,25.174041
Dem. Rep. Congo,COD,2040,wind,R04C08,2,0.033628
Dem. Rep. Congo,COD,2050,solar,R03C07,112,1.0248
Dem. Rep. Congo,COD,2050,solar,R03C08,69,0.241786
Dem. Rep. Congo,COD,2050,solar,R04C07,2042,25.568846
Dem. Rep. Congo,COD,2050,wind,R03C07,151,2.521664
Dem. Rep. Congo,COD,2050,wind,R03C08,149,14.984706
Dem. Rep. Congo,COD,2050,wind,R04C07,1930,35.539965
Dem. Rep. Congo,COD,2050,wind,R04C08,2,0.051284
Denmark,DNK,2030,solar,R02C07,175,0.845553
Denmark,DNK,2030,wind,R02C07,196,1.937513
Denmark,DNK,2040,solar,R02C07,175,0.917556
Denmark,DNK,2040,wind,R02C07,197,2.2315
Denmark,DNK,2050,solar,R02C07,175,1.069471
Denmark,DNK,2050,wind,R02C07,242,4.038843
Djibouti,DJI,2030,solar,R03C08,35,0.572693
Djibouti,DJI,2030,wind,R03C08,15,0.096729
Djibouti,DJI,2040,solar,R03C08,35,0.642382
Djibouti,DJI,2040,wind,R03C08,15,0.107433
Djibouti,DJI,2050,solar,R03C08,35,0.887767
Djibouti,DJI,2050,wind,R03C08,92,0.345106
Dominican Rep.,DOM,2030,solar,R03C04,217,3.336702
Dominican Rep.,DOM,2030,wind,R03C04,226,2.455435
Dominican Rep.,DOM,2040,solar,R03C04,218,3.829681
Dominican Rep.,DOM,2040,wind,R03C04,226,2.532392
Dominican Rep.,DOM,2050,solar,R03C04,220,5.055765
Dominican Rep.,DOM,2050,wind,R03C04,226,3.642987
Ecuador,ECU,2030,solar,R04C04,228,2.349964
Ecuador,ECU,2030,wind,R03C04,159,0.947885
Ecuador,ECU,2030,wind,R04C04,355,2.57639
Ecuador,ECU,2040,solar,R04C04,228,2.722746
Ecuador,ECU,2040,wind,R03C04,159,1.033642
Ecuador,ECU,2040,wind,R04C04,356,2.79131
Ecuador,ECU,2050,solar,R04C04,228,3.663094
Ecuador,ECU,2050,wind,R03C04,159,1.299957
Ecuador,ECU,2050,wind,R04C04,388,3.94231
Egypt,EGY,2030,solar,R02C07,250,2.379959
Egypt,EGY,2030,solar,R02C08,170,1.29182
Egypt,EGY,2030,solar,R03C07,221,2.810417
Egypt,EGY,2030,solar,R03C08,894,27.302549
Egypt,EGY,2030,wind,R02C07,160,1.672115
Egypt,EGY,2030,wind,R02C08,467,3.155749
Egypt,EGY,2030,wind,R03C07,16,1.008037
Egypt,EGY,2030,wind,R03C08,543,4.220053
Egypt,EGY,2040,solar,R02C07,250,2.657804
Egypt,EGY,2040,solar,R02C08,170,1.368054
Egypt,EGY,2040,solar,R03C07,221,3.253236
Egypt,EGY,2040,solar,R03C08,894,29.733399
Egypt,EGY,2040,wind,R02C07,160,1.786335
Egypt,EGY,2040,wind,R02C08,467,3.635
Egypt,EGY,2040,wind,R03C07,16,1.049854
Egypt,EGY,2040,wind,R03C08,583,6.64097
Egypt,EGY,2050,solar,R02C07,250,3.607658
Egypt,EGY,2050,solar,R02C08,179,1.923553
Egypt,EGY,2050,solar,R03C07,221,4.583386
Egypt,EGY,2050,solar,R03C08,922,35.822772
Egypt,EGY,2050,wind,R02C07,203,2.889817
Egypt,EGY,2050,wind,R02C08,467,5.184831
Egypt,EGY,2050,wind,R03C07,16,1.365518
Egypt,EGY,2050,wind,R03C08,671,9.632001
El Salvador,SLV,2030,solar,R03C04,125,0.713673
El Salvador,SLV,2030,wind,R03C04,86,0.304059
El Salvador,SLV,2040,solar,R03C04,125,0.743181
El Salvador,SLV,2040,wind,R03C04,86,0.32711
El Salvador,SLV,2050,solar,R03C04,125,0.97833
El Salvador,SLV,2050,wind,R03C04,86,0.436582
Eq. Guinea,GNQ,2030,solar,R03C07,140,0.854274
Eq. Guinea,GNQ,2040,solar,R03C07,140,0.989435
Eq. Guinea,GNQ,2050,solar,R03C07,140,1.093318
Eritrea,ERI,2030,solar,R03C08,142,3.202051
Eritrea,ERI,2030,wind,R03C08,221,2.015953
Eritrea,ERI,2040,solar,R03C08,142,3.40373
Eritrea,ERI,2040,wind,R03C08,221,2.14862
Eritrea,ERI,2050,solar,R03C08,142,4.192834
Eritrea,ERI,2050,wind,R03C08,221,2.866439
Estonia,EST,2030,solar,R02C07,214,0.591554
Estonia,EST,2030,wind,R02C07,200,1.044569
Estonia,EST,2040,solar,R02C07,214,0.625606
Estonia,EST,2040,wind,R02C07,200,1.086819
Estonia,EST,2050,solar,R02C07,215,0.809053
Estonia,EST,2050,wind,R02C07,224,1.79147
Ethiopia,ETH,2030,solar,R03C08,2456,34.947402
Ethiopia,ETH,2030,wind,R03C08,2304,29.13418
Ethiopia,ETH,2040,solar,R03C08,2462,38.719803
Ethiopia,ETH,2040,wind,R03C08,2309,32.194736
Ethiopia,ETH,2050,solar,R03C08,2464,47.477632
Ethiopia,ETH,2050,wind,R03C08,2390,43.772118
Finland,FIN,2030,solar,R01C07,100,0.133164
Finland,FIN,2040,solar,R01C07,100,0.152643
Finland,FIN,2050,solar,R01C07,100,0.17575
France,-99,2030,solar,R02C06,725,5.296463
France,-99,2030,solar,R02C07,2786,20.23687
France,-99,2030,solar,R03C05,89,1.146485
France,-99,2030,wind,R02C06,452,8.778257
France,-99,2030,wind,R02C07,2774,23.130366
France,-99,2030,wind,R03C05,10,0.19933
France,-99,2040,solar,R02C06,1122,14.365238
France,-99,2040,solar,R02C07,4504,49.152692
France,-99,2040,solar,R03C05,89,1.362283
France,-99,2040,wind,R02C06,455,9.847672
France,-99,2040,wind,R02C07,2776,25.290411
France,-99,2040,wind,R03C05,10,0.228682
France,-99,2050,solar,R02C06,1151,15.182695
France,-99,2050,solar,R02C07,4504,49.200945
France,-99,2050,solar,R03C05,89,1.364005
France,-99,2050,wind,R02C06,481,13.85013
France,-99,2050,wind,R02C07,2973,35.1606
France,-99,2050,wind,R03C05,10,0.353387
Gabon,GAB,2030,solar,R03C07,58,0.445197
Gabon,GAB,2030,solar,R04C07,173,0.631957
Gabon,GAB,2030,wind,R04C07,153,1.471984
Gabon,GAB,2040,solar,R03C07,59,0.461514
Gabon,GAB,2040,solar,R04C07,174,0.828408
Gabon,GAB,2040,wind,R04C07,153,1.561188
Gabon,GAB,2050,solar,R03C07,59,0.699269
Gabon,GAB,2050,solar,R04C07,174,0.981851
Gabon,GAB,2050,wind,R04C07,153,2.097609
Gambia,GMB,2030,solar,R03C06,41,0.621869
Gambia,GMB,2030,wind,R03C06,62,0.66531
Gambia,GMB,2040,solar,R03C06,41,0.654578
Gambia,GMB,2040,wind,R03C06,62,0.738334
Gambia,GMB,2050,solar,R03C06,41,0.889974
Gambia,GMB,2050,wind,R03C06,75,1.072395
Georgia,GEO,2030,solar,R02C08,199,1.393438
Georgia,GEO,2030,wind,R02C08,366,3.616796
Georgia,GEO,2040,solar,R02C08,199,1.543667
Georgia,GEO,2040,wind,R02C08,366,3.787586
Georgia,GEO,2050,solar,R02C08,199,1.750241
Georgia,GEO,2050,wind,R02C08,404,6.469093
Germany,DEU,2030,solar,R02C07,1903,16.183183
Germany,DEU,2030,wind,R02C07,1867,13.138811
Germany,DEU,2040,solar,R02C07,4109,50.020941
Germany,DEU,2040,wind,R02C07,1867,15.06156
Germany,DEU,2050,solar,R02C07,4296,51.758468
Germany,DEU,2050,wind,R02C07,2067,21.489143
Ghana,GHA,2030,solar,R03C06,583,18.823467
Ghana,GHA,2030,solar,R03C07,121,0.590719
Ghana,GHA,2030,wind,R03C06,785,5.626975
Ghana,GHA,2030,wind,R03C07,38,0.057713
Ghana,GHA,2040,solar,R03C06,583,20.021635
Ghana,GHA,2040,solar,R03C07,121,0.6992
Ghana,GHA,2040,wind,R03C06,879,6.387388
Ghana,GHA,2040,wind,R03C07,38,0.067339
Ghana,GHA,2050,solar,R03C06,584,22.433694
Ghana,GHA,2050,solar,R03C07,121,0.968923
Ghana,GHA,2050,wind,R03C06,974,9.147143
Ghana,GHA,2050,wind,R03C07,38,0.079563
Greece,GRC,2030,solar,R02C07,247,1.212924
Greece,GRC,2030,wind,R02C07,322,5.29358
Greece,GRC,2040,solar,R02C07,513,3.220025
Greece,GRC,2040,wind,R02C07,322,5.624829
Greece,GRC,2050,solar,R02C07,513,3.220025
Greece,GRC,2050,wind,R02C07,322,7.601814
Guatemala,GTM,2030,solar,R03C03,206,0.791429
Guatemala,GTM,2030,solar,R03C04,101,0.334866
Guatemala,GTM,2030,wind,R03C03,100,2.168227
Guatemala,GTM,2030,wind,R03C04,97,1.074001
Guatemala,GTM,2040,solar,R03C03,207,0.818221
Guatemala,GTM,2040,solar,R03C04,101,0.374711
Guatemala,GTM,2040,wind,R03C03,100,2.442249
Guatemala,GTM,2040,wind,R03C04,97,1.209762
Guatemala,GTM,2050,solar,R03C03,207,1.106573
Guatemala,GTM,2050,solar,R03C04,102,0.512618
Guatemala,GTM,2050,wind,R03C03,100,3.545499
Guatemala,GTM,2050,wind,R03C04,97,1.739303
Guinea,GIN,2030,solar,R03C06,445,3.90374
Guinea,GIN,2030,wind,R03C06,420,4.371063
Guinea,GIN,2040,solar,R03C06,445,4.162157
Guinea,GIN,2040,wind,R03C06,420,4.654776
Guinea,GIN,2050,solar,R03C06,445,5.367806
Guinea,GIN,2050,wind,R03C06,420,6.625048
Guinea-Bissau,GNB,2030,wind,R03C06,42,0.080176
Guinea-Bissau,GNB,2040,wind,R03C06,42,0.081177
Guinea-Bissau,GNB,2050,wind,R03C06,42,0.117776
Guyana,GUY,2030,solar,R03C04,1,0.000567
Guyana,GUY,2030,solar,R03C05,87,1.496033
Guyana,GUY,2030,wind,R03C04,4,0.014005
Guyana,GUY,2030,wind,R03C05,94,1.00934
Guyana,GUY,2040,solar,R03C04,1,0.000581
Guyana,GUY,2040,solar,R03C05,87,1.60249
Guyana,GUY,2040,wind,R03C04,4,0.016007
Guyana,GUY,2040,wind,R03C05,94,1.038403
Guyana,GUY,2050,solar,R03C04,1,0.000875
Guyana,GUY,2050,solar,R03C05,87,2.212652
Guyana,GUY,2050,wind,R03C04,4,0.022171
Guyana,GUY,2050,wind,R03C05,94,1.238347
Haiti,HTI,2030,solar,R03C04,160,1.380453
Haiti,HTI,2030,wind,R03C04,170,1.34821
Haiti,HTI,2040,solar,R03C04,161,1.503678
Haiti,HTI,2040,wind,R03C04,172,1.422129
Haiti,HTI,2050,solar,R03C04,161,1.758018
Haiti,HTI,2050,wind,R03C04,172,2.002145
Honduras,HND,2030,solar,R03C04,174,0.909081
Honduras,HND,2030,wind,R03C04,172,1.867803
Honduras,HND,2040,solar,R03C04,174,0.97388
Honduras,HND,2040,wind,R03C04,172,1.889947
Honduras,HND,2050,solar,R03C04,174,1.086028
Honduras,HND,2050,wind,R03C04,172,2.820384
Hungary,HUN,2030,solar,R02C07,353,2.095825
Hungary,HUN,2030,wind,R02C07,493,7.159262
Hungary,HUN,2040,solar,R02C07,390,2.605544
Hungary,HUN,2040,wind,R02C07,493,8.246975
Hungary,HUN,2050,solar,R02C07,391,3.435264
Hungary,HUN,2050,wind,R02C07,521,11.283091
India,IND,2030,solar,R02C09,341,2.986476
India,IND,2030,solar,R03C09,10066,83.825185
India,IND,2030,solar,R03C10,467,1.400518
India,IND,2030,wind,R02C09,831,4.73157
India,IND,2030,wind,R03C09,17292,287.597427
India,IND,2030,wind,R03C10,815,23.202632
India,IND,2040,solar,R02C09,342,3.279969
India,IND,2040,solar,R03C09,10198,92.518132
India,IND,2040,solar,R03C10,468,1.64951
India,IND,2040,wind,R02C09,831,5.448401
India,IND,2040,wind,R03C09,17295,315.467348
India,IND,2040,wind,R03C10,816,25.084518
India,IND,2050,solar,R02C09,342,3.670181
India,IND,2050,solar,R03C09,10543,118.131675
India,IND,2050,solar,R03C10,469,2.115812
India,IND,2050,wind,R02C09,831,7.952371
India,IND,2050,wind,R03C09,17435,419.971858
India,IND,2050,wind,R03C10,898,32.559882
Indonesia,IDN,2030,solar,R03C10,1165,14.674065
Indonesia,IDN,2030,solar,R04C10,2660,51.875191
Indonesia,IDN,2030,solar,R04C11,132,0.915782
Indonesia,IDN,2030,wind,R03C10,1407,17.165181
Indonesia,IDN,2030,wind,R03C11,39,0.460899
Indonesia,IDN,2030,wind,R04C10,2393,41.132632
Indonesia,IDN,2030,wind,R04C11,196,3.859393
Indonesia,IDN,2040,solar,R03C10,1169,16.111894
Indonesia,IDN,2040,solar,R04C10,2670,55.784841
Indonesia,IDN,2040,solar,R04C11,132,1.061379
Indonesia,IDN,2040,wind,R03C10,1412,18.780664
Indonesia,IDN,2040,wind,R03C11,40,0.466874
Indonesia,IDN,2040,wind,R04C10,2399,45.070407
Indonesia,IDN,2040,wind,R04C11,196,4.021072
Indonesia,IDN,2050,solar,R03C10,1169,20.038141
Indonesia,IDN,2050,solar,R04C10,2715,66.767282
Indonesia,IDN,2050,solar,R04C11,132,1.22934
Indonesia,IDN,2050,wind,R03C10,1603,27.017046
Indonesia,IDN,2050,wind,R03C11,41,0.717136
Indonesia,IDN,2050,wind,R04C10,2559,58.158977
Indonesia,IDN,2050,wind,R04C11,196,5.716369
Iran,IRN,2030,solar,R02C08,4749,92.533225
Iran,IRN,2030,solar,R02C09,437,4.435423
Iran,IRN,2030,solar,R03C08,2153,49.913067
Iran,IRN,2030,solar,R03C09,837,16.356375
Iran,IRN,2030,wind,R02C08,4860,91.988645
Iran,IRN,2030,wind,R02C09,456,10.402681
Iran,IRN,2030,wind,R03C08,1209,10.552223
Iran,IRN,2030,wind,R03C09,700,4.079922
Iran,IRN,2040,solar,R02C08,4754,101.220077
Iran,IRN,2040,solar,R02C09,437,4.711794
Iran,IRN,2040,solar,R03C08,2156,54.378715
Iran,IRN,2040,solar,R03C09,839,17.91467
Iran,IRN,2040,wind,R02C08,4860,99.732514
Iran,IRN,2040,wind,R02C09,456,11.448108
Iran,IRN,2040,wind,R03C08,1209,13.212891
Iran,IRN,2040,wind,R03C09,700,4.838778
Iran,IRN,2050,solar,R02C08,4845,132.792123
Iran,IRN,2050,solar,R02C09,438,6.478384
Iran,IRN,2050,solar,R03C08,2158,70.268905
Iran,IRN,2050,solar,R03C09,839,22.460146
Iran,IRN,2050,wind,R02C08,5033,135.65224
Iran,IRN,2050,wind,R02C09,456,15.429641
Iran,IRN,2050,wind,R03C08,1300,17.8431
Iran,IRN,2050,wind,R03C09,700,6.503423
Iraq,IRQ,2030,solar,R02C08,1426,19.38676
Iraq,IRQ,2030,solar,R03C08,20,0.499898
Iraq,IRQ,2030,wind,R02C08,1151,4.68758
Iraq,IRQ,2040,solar,R02C08,1426,21.5996
Iraq,IRQ,2040,solar,R03C08,20,0.5605
Iraq,IRQ,2040,wind,R02C08,1151,5.18543
Iraq,IRQ,2050,solar,R02C08,1536,29.167144
Iraq,IRQ,2050,solar,R03C08,20,0.72438
Iraq,IRQ,2050,wind,R02C08,1247,8.864559
Ireland,IRL,2030,solar,R02C06,626,12.812136
Ireland,IRL,2030,wind,R02C06,204,1.346826
Ireland,IRL,2040,solar,R02C06,628,13.915814
Ireland,IRL,2040,wind,R02C06,205,1.475957
Ireland,IRL,2050,solar,R02C06,628,17.038335
Ireland,IRL,2050,wind,R02C06,205,2.09068
Israel,ISR,2030,solar,R02C08,138,0.820045
Israel,ISR,2030,solar,R03C08,7,0.044197
Israel,ISR,2030,wind,R02C08,107,1.603839
Israel,ISR,2030,wind,R03C08,7,0.035502
Israel,ISR,2040,solar,R02C08,138,0.920277
Israel,ISR,2040,solar,R03C08,7,0.053146
Israel,ISR,2040,wind,R02C08,107,1.799961
Israel,ISR,2040,wind,R03C08,7,0.03865
Israel,ISR,2050,solar,R02C08,138,1.263067
Israel,ISR,2050,solar,R03C08,7,0.075108
Israel,ISR,2050,wind,R02C08,107,2.505934
Israel,ISR,2050,wind,R03C08,7,0.049513
Italy,ITA,2030,solar,R02C07,884,5.701143
Italy,ITA,2030,wind,R02C07,1163,20.035447
Italy,ITA,2040,solar,R02C07,1857,18.438794
Italy,ITA,2040,wind,R02C07,1165,21.960127
Italy,ITA,2050,solar,R02C07,1913,18.641193
Italy,ITA,2050,wind,R02C07,1440,28.267381
Jamaica,JAM,2030,wind,R03C04,13,0.443021
Jamaica,JAM,2040,wind,R03C04,13,0.458158
Jamaica,JAM,2050,wind,R03C04,13,0.685245
Japan,JPN,2030,solar,R02C11,1052,18.077557
Japan,JPN,2030,wind,R02C11,887,11.801455
Japan,JPN,2040,solar,R02C11,1054,20.180561
Japan,JPN,2040,wind,R02C11,891,13.151581
Japan,JPN,2050,solar,R02C11,1070,23.961647
Japan,JPN,2050,wind,R02C11,892,18.372083
Jordan,JOR,2030,solar,R02C08,339,4.172671
Jordan,JOR,2030,solar,R03C08,75,0.523609
Jordan,JOR,2030,wind,R02C08,215,1.267233
Jordan,JOR,2030,wind,R03C08,75,0.290307
Jordan,JOR,2040,solar,R02C08,339,4.629287
Jordan,JOR,2040,solar,R03C08,75,0.532236
Jordan,JOR,2040,wind,R02C08,215,1.388
Jordan,JOR,2040,wind,R03C08,75,0.333776
Jordan,JOR,2050,solar,R02C08,373,6.484526
Jordan,JOR,2050,solar,R03C08,75,0.752299
Jordan,JOR,2050,wind,R02C08,276,2.14291
Jordan,JOR,2050,wind,R03C08,75,0.428536
Kazakhstan,KAZ,2030,solar,R02C08,2165,45.675917
Kazakhstan,KAZ,2030,solar,R02C09,5106,69.876437
Kazakhstan,KAZ,2030,wind,R02C08,1157,14.472411
Kazakhstan,KAZ,2030,wind,R02C09,5023,50.474226
Kazakhstan,KAZ,2040,solar,R02C08,2166,49.123473
Kazakhstan,KAZ,2040,solar,R02C09,5109,76.416226
Kazakhstan,KAZ,2040,wind,R02C08,1157,15.63182
Kazakhstan,KAZ,2040,wind,R02C09,5064,56.761229
Kazakhstan,KAZ,2050,solar,R02C08,2227,62.250702
Kazakhstan,KAZ,2050,solar,R02C09,5109,98.320832
Kazakhstan,KAZ,2050,wind,R02C08,1204,21.819771
Kazakhstan,KAZ,2050,wind,R02C09,5530,83.353924
Kenya,KEN,2030,solar,R03C08,303,4.592519
Kenya,KEN,2030,solar,R04C08,559,6.252468
Kenya,KEN,2030,wind,R03C08,655,16.926953
Kenya,KEN,2030,wind,R04C08,572,10.708223
Kenya,KEN,2040,solar,R03C08,303,5.217757
Kenya,KEN,2040,solar,R04C08,559,6.691603
Kenya,KEN,2040,wind,R03C08,655,19.831959
Kenya,KEN,2040,wind,R04C08,572,11.591649
Kenya,KEN,2050,solar,R03C08,368,6.984534
Kenya,KEN,2050,solar,R04C08,624,9.592081
Kenya,KEN,2050,wind,R03C08,655,27.502982
Kenya,KEN,2050,wind,R04C08,603,13.80236
Kosovo,-99,2030,solar,R02C07,1,0.000108
Kosovo,-99,2030,wind,R02C07,61,0.095817
Kosovo,-99,2040,solar,R02C07,80,0.227357
Kosovo,-99,2040,wind,R02C07,61,0.10687
Kosovo,-99,2050,solar,R02C07,80,0.227357
Kosovo,-99,2050,wind,R02C07,61,0.148984
Kuwait,KWT,2030,solar,R02C08,5,0.07609
Kuwait,KWT,2030,solar,R03C08,96,1.260697
Kuwait,KWT,2040,solar,R02C08,5,0.085904
Kuwait,KWT,2040,solar,R03C08,96,1.42301
Kuwait,KWT,2050,solar,R02C08,5,0.091376
Kuwait,KWT,2050,solar,R03C08,96,1.642383
Kyrgyzstan,KGZ,2030,solar,R02C09,125,1.507276
Kyrgyzstan,KGZ,2030,wind,R02C09,308,4.635324
Kyrgyzstan,KGZ,2040,solar,R02C09,125,1.641085
Kyrgyzstan,KGZ,2040,wind,R02C09,308,4.921787
Kyrgyzstan,KGZ,2050,solar,R02C09,125,1.862733
Kyrgyzstan,KGZ,2050,wind,R02C09,308,6.556003
Laos,LAO,2030,solar,R03C10,508,5.503868
Laos,LAO,2030,wind,R03C10,494,6.086409
Laos,LAO,2040,solar,R03C10,509,6.226908
Laos,LAO,2040,wind,R03C10,494,6.421721
Laos,LAO,2050,solar,R03C10,509,7.926128
Laos,LAO,2050,wind,R03C10,577,9.796526
Latvia,LVA,2030,solar,R02C07,415,1.159822
Latvia,LVA,2030,wind,R02C07,480,1.1116
Latvia,LVA,2040,solar,R02C07,415,1.300107
Latvia,LVA,2040,wind,R02C07,481,1.224747
Latvia,LVA,2050,solar,R02C07,416,1.641503
Latvia,LVA,2050,wind,R02C07,481,1.783622
Lebanon,LBN,2030,solar,R02C08,55,0.151674
Lebanon,LBN,2030,wind,R02C08,86,0.507137
Lebanon,LBN,2040,solar,R02C08,55,0.156067
Lebanon,LBN,2040,wind,R02C08,86,0.603506
Lebanon,LBN,2050,solar,R02C08,55,0.182243
Lebanon,LBN,2050,wind,R02C08,86,0.793068
Lesotho,LSO,2030,solar,R04C07,13,0.078004
Lesotho,LSO,2030,solar,R05C07,44,0.509159
Lesotho,LSO,2030,wind,R04C07,8,0.130205
Lesotho,LSO,2040,solar,R04C07,13,0.078233
Lesotho,LSO,2040,solar,R05C07,44,0.51056
Lesotho,LSO,2040,wind,R04C07,8,0.132598
Lesotho,LSO,2050,solar,R04C07,13,0.103887
Lesotho,LSO,2050,solar,R05C07,44,0.677638
Lesotho,LSO,2050,wind,R04C07,69,0.466879
Liberia,LBR,2030,solar,R03C06,140,1.590777
Liberia,LBR,2030,wind,R03C06,264,0.890489
Liberia,LBR,2040,solar,R03C06,140,1.808351
Liberia,LBR,2040,wind,R03C06,264,0.975732
Liberia,LBR,2050,solar,R03C06,140,1.888227
Liberia,LBR,2050,wind,R03C06,264,1.409219
Libya,LBY,2030,solar,R02C07,1255,17.674577
Libya,LBY,2030,solar,R03C07,1039,26.396322
Libya,LBY,2030,wind,R02C07,659,7.582209
Libya,LBY,2030,wind,R03C07,558,6.787173
Libya,LBY,2040,solar,R02C07,1256,19.305444
Libya,LBY,2040,solar,R03C07,1039,28.901662
Libya,LBY,2040,wind,R02C07,659,8.327774
Libya,LBY,2040,wind,R03C07,558,7.609803
Libya,LBY,2050,solar,R02C07,1384,25.947037
Libya,LBY,2050,solar,R03C07,1054,39.862177
Libya,LBY,2050,wind,R02C07,659,11.677248
Libya,LBY,2050,wind,R03C07,692,10.968738
Lithuania,LTU,2030,solar,R02C07,452,2.016612
Lithuania,LTU,2030,wind,R02C07,235,3.201293
Lithuania,LTU,2040,solar,R02C07,452,2.183991
Lithuania,LTU,2040,wind,R02C07,235,3.645831
Lithuania,LTU,2050,solar,R02C07,453,2.486037
Lithuania,LTU,2050,wind,R02C07,301,5.241642
Luxembourg,LUX,2030,solar,R02C07,13,0.144777
Luxembourg,LUX,2030,wind,R02C07,29,0.121747
Luxembourg,LUX,2040,solar,R02C07,31,0.300527
Luxembourg,LUX,2040,wind,R02C07,29,0.129183
Luxembourg,LUX,2050,solar,R02C07,31,0.300546
Luxembourg,LUX,2050,wind,R02C07,29,0.172625
Madagascar,MDG,2030,solar,R04C08,91,0.425655
Madagascar,MDG,2030,wind,R04C08,379,7.190597
Madagascar,MDG,2040,solar,R04C08,91,0.469545
Madagascar,MDG,2040,wind,R04C08,379,7.898507
Madagascar,MDG,2050,solar,R04C08,91,0.643336
Madagascar,MDG,2050,wind,R04C08,379,11.061765
Malawi,MWI,2030,solar,R04C08,186,0.825516
Malawi,MWI,2030,wind,R04C08,341,2.373197
Malawi,MWI,2040,solar,R04C08,186,0.885874
Malawi,MWI,2040,wind,R04C08,341,2.606061
Malawi,MWI,2050,solar,R04C08,187,1.074148
Malawi,MWI,2050,wind,R04C08,341,3.769019
Malaysia,MYS,2030,solar,R03C10,577,7.070524
Malaysia,MYS,2030,wind,R03C10,512,4.832477
Malaysia,MYS,2040,solar,R03C10,578,7.818812
Malaysia,MYS,2040,wind,R03C10,514,5.585368
Malaysia,MYS,2050,solar,R03C10,579,9.639483
Malaysia,MYS,2050,wind,R03C10,594,7.742179
Mali,MLI,2030,solar,R03C06,1347,11.089742
Mali,MLI,2030,solar,R03C07,10,0.383455
Mali,MLI,2030,wind,R03C06,1208,19.671142
Mali,MLI,2040,solar,R03C06,1347,11.972775
Mali,MLI,2040,solar,R03C07,10,0.450469
Mali,MLI,2040,wind,R03C06,1208,20.996694
Mali,MLI,2050,solar,R03C06,1349,15.828198
Mali,MLI,2050,solar,R03C07,10,0.625404
Mali,MLI,2050,wind,R03C06,1225,26.99403
Mauritania,MRT,2030,solar,R03C06,463,7.794147
Mauritania,MRT,2030,wind,R03C06,119,1.610624
Mauritania,MRT,2040,solar,R03C06,463,8.612116
Mauritania,MRT,2040,wind,R03C06,119,1.823745
Mauritania,MRT,2050,solar,R03C06,463,10.996707
Mauritania,MRT,2050,wind,R03C06,119,2.767405
Mexico,MEX,2030,solar,R02C03,780,9.761441
Mexico,MEX,2030,solar,R03C03,5533,52.730562
Mexico,MEX,2030,solar,R03C04,414,4.447675
Mexico,MEX,2030,wind,R02C03,506,12.815491
Mexico,MEX,2030,wind,R03C03,5841,76.877964
Mexico,MEX,2030,wind,R03C04,198,0.700043
Mexico,MEX,2040,solar,R02C03,781,10.373047
Mexico,MEX,2040,solar,R03C03,5542,57.913859
Mexico,MEX,2040,solar,R03C04,414,5.105734
Mexico,MEX,2040,wind,R02C03,506,13.829568
Mexico,MEX,2040,wind,R03C03,5846,85.959316
Mexico,MEX,2040,wind,R03C04,199,0.780249
Mexico,MEX,2050,solar,R02C03,782,14.045419
Mexico,MEX,2050,solar,R03C03,5586,77.827152
Mexico,MEX,2050,solar,R03C04,414,6.029532
Mexico,MEX,2050,wind,R02C03,547,18.398328
Mexico,MEX,2050,wind,R03C03,6144,114.065916
Mexico,MEX,2050,wind,R03C04,199,1.105147
Moldova,MDA,2030,solar,R02C07,138,0.285833
Moldova,MDA,2030,wind,R02C07,150,5.340699
Moldova,MDA,2040,solar,R02C07,138,0.337447
Moldova,MDA,2040,wind,R02C07,150,5.902036
Moldova,MDA,2050,solar,R02C07,139,0.476661
Moldova,MDA,2050,wind,R02C07,150,8.309134
Mongolia,MNG,2030,solar,R02C10,2608,92.234194
Mongolia,MNG,2030,wind,R02C09,42,0.107234
Mongolia,MNG,2030,wind,R02C10,2349,79.021607
Mongolia,MNG,2040,solar,R02C10,2643,138.199936
Mongolia,MNG,2040,wind,R02C09,42,0.119231
Mongolia,MNG,2040,wind,R02C10,2349,85.049646
Mongolia,MNG,2050,solar,R02C10,2722,156.548341
Mongolia,MNG,2050,wind,R02C09,42,0.162857
Mongolia,MNG,2050,wind,R02C10,2481,116.458841
Montenegro,MNE,2030,solar,R02C07,54,0.218924
Montenegro,MNE,2030,wind,R02C07,41,0.099099
Montenegro,MNE,2040,solar,R02C07,84,0.305306
Montenegro,MNE,2040,wind,R02C07,41,0.114544
Montenegro,MNE,2050,solar,R02C07,84,0.305306
Montenegro,MNE,2050,wind,R02C07,41,0.202012
Morocco,MAR,2030,solar,R02C06,1399,16.431763
Morocco,MAR,2030,solar,R03C06,412,12.108452
Morocco,MAR,2030,wind,R02C06,1443,9.313931
Morocco,MAR,2030,wind,R03C06,169,3.960965
Morocco,MAR,2040,solar,R02C06,1399,18.013145
Morocco,MAR,2040,solar,R03C06,412,13.422702
Morocco,MAR,2040,wind,R02C06,1443,10.321346
Morocco,MAR,2040,wind,R03C06,169,4.308491
Morocco,MAR,2050,solar,R02C06,1546,24.315765
Morocco,MAR,2050,solar,R03C06,412,18.481801
Morocco,MAR,2050,wind,R02C06,1529,14.377324
Morocco,MAR,2050,wind,R03C06,169,5.756605
Mozambique,MOZ,2030,solar,R04C08,1413,16.367886
Mozambique,MOZ,2030,wind,R04C08,957,13.233632
Mozambique,MOZ,2040,solar,R04C08,1416,18.068993
Mozambique,MOZ,2040,wind,R04C08,957,14.27272
Mozambique,MOZ,2050,solar,R04C08,1431,24.123098
Mozambique,MOZ,2050,wind,R04C08,1001,20.440945
Myanmar,MMR,2030,solar,R03C10,1088,9.65759
Myanmar,MMR,2030,wind,R03C10,1819,29.725602
Myanmar,MMR,2040,solar,R03C10,1088,10.820493
Myanmar,MMR,2040,wind,R03C10,1822,34.151759
Myanmar,MMR,2050,solar,R03C10,1148,13.521634
Myanmar,MMR,2050,wind,R03C10,1875,46.280518
N. Cyprus,-99,2030,solar,R02C08,22,1.021779
N. Cyprus,-99,2040,solar,R02C08,22,1.219445
N. Cyprus,-99,2050,solar,R02C08,22,1.308992
Namibia,NAM,2030,solar,R04C07,2083,36.759921
Namibia,NAM,2030,wind,R04C07,1104,12.606413
Namibia,NAM,2040,solar,R04C07,2083,39.866008
Namibia,NAM,2040,wind,R04C07,1149,13.916715
Namibia,NAM,2050,solar,R04C07,2201,51.607296
Namibia,NAM,2050,wind,R04C07,1214,18.864552
Nepal,NPL,2030,solar,R03C09,234,1.100701
Nepal,NPL,2030,wind,R03C09,273,2.71155
Nepal,NPL,2040,solar,R03C09,234,1.172179
Nepal,NPL,2040,wind,R03C09,273,3.095757
Nepal,NPL,2050,solar,R03C09,242,1.587325
Nepal,NPL,2050,wind,R03C09,332,4.140093
Netherlands,NLD,2030,solar,R02C07,407,6.721171
Netherlands,NLD,2030,wind,R02C07,110,2.229817
Netherlands,NLD,2040,solar,R02C07,420,15.328389
Netherlands,NLD,2040,wind,R02C07,112,2.465904
Netherlands,NLD,2050,solar,R02C07,422,15.334928
Netherlands,NLD,2050,wind,R02C07,112,3.357304
New Caledonia,NCL,2030,solar,R04C12,16,0.159104
New Caledonia,NCL,2040,solar,R04C12,16,0.188194
New Caledonia,NCL,2050,solar,R04C12,16,0.270631
New Zealand,NZL,2030,solar,R05C12,890,11.320134
New Zealand,NZL,2030,wind,R05C12,779,10.361957
New Zealand,NZL,2040,solar,R05C12,891,12.602492
New Zealand,NZL,2040,wind,R05C12,782,11.066543
New Zealand,NZL,2050,solar,R05C12,894,15.402711
New Zealand,NZL,2050,wind,R05C12,782,14.83293
Nicaragua,NIC,2030,solar,R03C04,364,3.040911
Nicaragua,NIC,2030,wind,R03C04,187,0.519789
Nicaragua,NIC,2040,solar,R03C04,365,3.167315
Nicaragua,NIC,2040,wind,R03C04,187,0.586068
Nicaragua,NIC,2050,solar,R03C04,365,4.036563
Nicaragua,NIC,2050,wind,R03C04,189,0.860542
Niger,NER,2030,solar,R03C07,805,13.73906
Niger,NER,2030,wind,R03C07,375,2.417317
Niger,NER,2040,solar,R03C07,805,14.933221
Niger,NER,2040,wind,R03C07,384,2.710015
Niger,NER,2050,solar,R03C07,805,19.532121
Niger,NER,2050,wind,R03C07,384,3.745436
Nigeria,NGA,2030,solar,R03C07,3014,32.718798
Nigeria,NGA,2030,wind,R03C07,3667,49.682539
Nigeria,NGA,2040,solar,R03C07,3017,35.621636
Nigeria,NGA,2040,wind,R03C07,3744,53.692021
Nigeria,NGA,2050,solar,R03C07,3020,46.533503
Nigeria,NGA,2050,wind,R03C07,3745,71.475062
North Korea,PRK,2030,solar,R02C11,87,0.476575
North Korea,PRK,2030,wind,R02C11,308,2.84017
North Korea,PRK,2040,solar,R02C11,87,0.483331
North Korea,PRK,2040,wind,R02C11,308,3.048314
North Korea,PRK,2050,solar,R02C11,87,0.664224
North Korea,PRK,2050,wind,R02C11,308,3.684026
North Macedonia,MKD,2030,solar,R02C07,72,0.195609
North Macedonia,MKD,2030,wind,R02C07,106,0.653607
North Macedonia,MKD,2040,solar,R02C07,147,0.559746
North Macedonia,MKD,2040,wind,R02C07,106,0.702279
North Macedonia,MKD,2050,solar,R02C07,147,0.559746
North Macedonia,MKD,2050,wind,R02C07,106,0.963938
Norway,-99,2030,solar,R01C07,344,1.077877
Norway,-99,2030,wind,R01C07,32,0.350555
Norway,-99,2030,wind,R02C07,264,4.171115
Norway,-99,2040,solar,R01C07,344,1.147936
Norway,-99,2040,wind,R01C07,32,0.36461
Norway,-99,2040,wind,R02C07,264,4.342565
Norway,-99,2050,solar,R01C07,345,1.43506
Norway,-99,2050,wind,R01C07,32,0.540486
Norway,-99,2050,wind,R02C07,264,6.491841
Oman,OMN,2030,solar,R03C08,1125,14.200013
Oman,OMN,2030,wind,R03C08,630,6.26054
Oman,OMN,2040,solar,R03C08,1126,16.217712
Oman,OMN,2040,wind,R03C08,630,7.212335
Oman,OMN,2050,solar,R03C08,1126,20.829461
Oman,OMN,2050,wind,R03C08,655,9.711967
Pakistan,PAK,2030,solar,R02C09,1198,17.510392
Pakistan,PAK,2030,solar,R03C09,2076,54.476337
Pakistan,PAK,2030,wind,R02C09,1465,19.853687
Pakistan,PAK,2030,wind,R03C09,2163,46.231373
Pakistan,PAK,2040,solar,R02C09,1199,19.037038
Pakistan,PAK,2040,solar,R03C09,2079,59.169156
Pakistan,PAK,2040,wind,R02C09,1466,21.847856
Pakistan,PAK,2040,wind,R03C09,2164,54.211072
Pakistan,PAK,2050,solar,R02C09,1204,20.909149
Pakistan,PAK,2050,solar,R03C09,2082,73.978203
Pakistan,PAK,2050,wind,R02C09,1466,29.841899
Pakistan,PAK,2050,wind,R03C09,2164,71.372193
Palestine,PSE,2030,solar,R02C08,19,0.028742
Palestine,PSE,2030,wind,R02C08,29,0.135517
Palestine,PSE,2040,solar,R02C08,19,0.033608
Palestine,PSE,2040,wind,R02C08,29,0.146565
Palestine,PSE,2050,solar,R02C08,19,0.044971
Palestine,PSE,2050,wind,R02C08,29,0.15393
Panama,PAN,2030,solar,R03C04,27,0.208979
Panama,PAN,2030,wind,R03C04,76,3.153841
Panama,PAN,2040,solar,R03C04,27,0.247968
Panama,PAN,2040,wind,R03C04,76,3.50627
Panama,PAN,2050,solar,R03C04,27,0.342061
Panama,PAN,2050,wind,R03C04,108,5.005268
Papua New Guinea,PNG,2030,solar,R04C11,52,0.849467
Papua New Guinea,PNG,2030,wind,R04C11,58,0.112342
Papua New Guinea,PNG,2040,solar,R04C11,52,0.910615
Papua New Guinea,PNG,2040,wind,R04C11,58,0.127169
Papua New Guinea,PNG,2050,solar,R04C11,52,1.15873
Papua New Guinea,PNG,2050,wind,R04C11,58,0.183365
Paraguay,PRY,2030,solar,R04C04,62,1.242805
Paraguay,PRY,2030,solar,R04C05,1005,7.300614
Paraguay,PRY,2030,wind,R04C04,42,1.680293
Paraguay,PRY,2030,wind,R04C05,846,11.539488
Paraguay,PRY,2040,solar,R04C04,62,1.418565
Paraguay,PRY,2040,solar,R04C05,1006,8.023145
Paraguay,PRY,2040,wind,R04C04,42,1.82424
Paraguay,PRY,2040,wind,R04C05,846,13.136135
Paraguay,PRY,2050,solar,R04C04,62,1.992243
Paraguay,PRY,2050,solar,R04C05,1006,10.548712
Paraguay,PRY,2050,wind,R04C04,42,2.702345
Paraguay,PRY,2050,wind,R04C05,1008,16.762628
Peru,PER,2030,solar,R04C04,1446,12.436198
Peru,PER,2030,wind,R04C04,654,9.732982
Peru,PER,2040,solar,R04C04,1449,13.954078
Peru,PER,2040,wind,R04C04,656,10.660275
Peru,PER,2050,solar,R04C04,1485,19.052464
Peru,PER,2050,wind,R04C04,743,15.166748
Philippines,PHL,2030,solar,R03C11,133,1.085384
Philippines,PHL,2030,wind,R03C10,21,0.416573
Philippines,PHL,2030,wind,R03C11,620,4.976121
Philippines,PHL,2040,solar,R03C11,133,1.223476
Philippines,PHL,2040,wind,R03C10,22,0.42623
Philippines,PHL,2040,wind,R03C11,625,5.545361
Philippines,PHL,2050,solar,R03C11,134,1.52648
Philippines,PHL,2050,wind,R03C10,27,0.953772
Philippines,PHL,2050,wind,R03C11,626,7.676691
Poland,POL,2030,solar,R02C07,1676,7.958874
Poland,POL,2030,wind,R02C07,1820,24.144643
Poland,POL,2040,solar,R02C07,1695,9.040998
Poland,POL,2040,wind,R02C07,1920,26.069988
Poland,POL,2050,solar,R02C07,1695,11.263188
Poland,POL,2050,wind,R02C07,2250,37.313756
Portugal,PRT,2030,solar,R02C06,307,0.907696
Portugal,PRT,2030,wind,R02C06,610,19.446533
Portugal,PRT,2040,solar,R02C06,832,5.527783
Portugal,PRT,2040,wind,R02C06,612,20.142351
Portugal,PRT,2050,solar,R02C06,832,5.527783
Portugal,PRT,2050,wind,R02C06,613,26.760711
Puerto Rico,PRI,2030,wind,R03C04,38,0.418552
Puerto Rico,PRI,2040,wind,R03C04,38,0.425935
Puerto Rico,PRI,2050,wind,R03C04,38,0.638469
Qatar,QAT,2030,solar,R03C08,80,1.281539
Qatar,QAT,2030,wind,R03C08,81,0.348967
Qatar,QAT,2040,solar,R03C08,80,1.425213
Qatar,QAT,2040,wind,R03C08,81,0.375216
Qatar,QAT,2050,solar,R03C08,80,2.061937
Qatar,QAT,2050,wind,R03C08,85,0.55721
Romania,ROU,2030,solar,R02C07,1170,4.804955
Romania,ROU,2030,wind,R02C07,1576,20.133537
Romania,ROU,2040,solar,R02C07,1175,5.291959
Romania,ROU,2040,wind,R02C07,1577,21.775172
Romania,ROU,2050,solar,R02C07,1176,6.293961
Romania,ROU,2050,wind,R02C07,1663,30.464258
Russia,RUS,2030,solar,R01C08,461,0.977879
Russia,RUS,2030,solar,R01C09,9,0.018136
Russia,RUS,2030,solar,R02C07,208,0.387514
Russia,RUS,2030,solar,R02C08,9057,58.747776
Russia,RUS,2030,solar,R02C09,3708,16.659903
Russia,RUS,2030,solar,R02C10,1564,11.306414
Russia,RUS,2030,solar,R02C11,940,7.549195
Russia,RUS,2030,wind,R01C08,41,0.241445
Russia,RUS,2030,wind,R02C07,297,1.204506
Russia,RUS,2030,wind,R02C08,13587,117.430819
Russia,RUS,2030,wind,R02C09,4740,45.287023
Russia,RUS,2030,wind,R02C10,1800,20.09402
Russia,RUS,2030,wind,R02C11,993,11.971536
Russia,RUS,2040,solar,R01C08,461,1.020272
Russia,RUS,2040,solar,R01C09,9,0.018559
Russia,RUS,2040,solar,R02C07,208,0.418349
Russia,RUS,2040,solar,R02C08,9077,64.370388
Russia,RUS,2040,solar,R02C09,3708,18.802701
Russia,RUS,2040,solar,R02C10,1564,12.15244
Russia,RUS,2040,solar,R02C11,941,8.234142
Russia,RUS,2040,wind,R01C08,41,0.254588
Russia,RUS,2040,wind,R02C07,297,1.306161
Russia,RUS,2040,wind,R02C08,13589,128.010504
Russia,RUS,2040,wind,R02C09,4789,49.806891
Russia,RUS,2040,wind,R02C10,1800,22.089331
Russia,RUS,2040,wind,R02C11,993,13.371697
Russia,RUS,2050,solar,R01C08,557,1.411458
Russia,RUS,2050,solar,R01C09,9,0.02679
Russia,RUS,2050,solar,R02C07,208,0.579528
Russia,RUS,2050,solar,R02C08,9189,81.563842
Russia,RUS,2050,solar,R02C09,3709,23.479353
Russia,RUS,2050,solar,R02C10,1610,15.647877
Russia,RUS,2050,solar,R02C11,985,11.158085
Russia,RUS,2050,wind,R01C08,41,0.357868
Russia,RUS,2050,wind,R02C07,362,1.957225
Russia,RUS,2050,wind,R02C08,14255,177.797118
Russia,RUS,2050,wind,R02C09,5320,68.036743
Russia,RUS,2050,wind,R02C10,1865,30.599345
Russia,RUS,2050,wind,R02C11,993,17.653784
Rwanda,RWA,2030,solar,R04C08,32,0.470551
Rwanda,RWA,2030,wind,R04C07,34,0.417745
Rwanda,RWA,2030,wind,R04C08,89,3.443512
Rwanda,RWA,2040,solar,R04C08,32,0.497586
Rwanda,RWA,2040,wind,R04C07,34,0.424792
Rwanda,RWA,2040,wind,R04C08,89,4.041354
Rwanda,RWA,2050,solar,R04C08,32,0.564339
Rwanda,RWA,2050,wind,R04C07,34,0.633586
Rwanda,RWA,2050,wind,R04C08,89,5.738297
S. Sudan,SSD,2030,solar,R03C07,145,1.680803
S. Sudan,SSD,2030,solar,R03C08,174,2.647
S. Sudan,SSD,2030,wind,R03C07,145,1.024568
S. Sudan,SSD,2030,wind,R03C08,163,9.17274
S. Sudan,SSD,2040,solar,R03C07,145,1.815224
S. Sudan,SSD,2040,solar,R03C08,174,2.878078
S. Sudan,SSD,2040,wind,R03C07,145,1.067724
S. Sudan,SSD,2040,wind,R03C08,163,10.406441
S. Sudan,SSD,2050,solar,R03C07,145,2.611611
S. Sudan,SSD,2050,solar,R03C08,180,4.464494
S. Sudan,SSD,2050,wind,R03C07,145,1.556024
S. Sudan,SSD,2050,wind,R03C08,163,13.883899
Saudi Arabia,SAU,2030,solar,R02C08,226,2.17549
Saudi Arabia,SAU,2030,solar,R03C08,5048,78.232453
Saudi Arabia,SAU,2030,wind,R02C08,28,0.256896
Saudi Arabia,SAU,2030,wind,R03C08,2132,26.532232
Saudi Arabia,SAU,2040,solar,R02C08,226,2.653712
Saudi Arabia,SAU,2040,solar,R03C08,5049,84.988779
Saudi Arabia,SAU,2040,wind,R02C08,28,0.296599
Saudi Arabia,SAU,2040,wind,R03C08,2134,29.406944
Saudi Arabia,SAU,2050,solar,R02C08,226,3.575597
Saudi Arabia,SAU,2050,solar,R03C08,5319,111.463634
Saudi Arabia,SAU,2050,wind,R02C08,80,0.676999
Saudi Arabia,SAU,2050,wind,R03C08,2760,43.242189
Senegal,SEN,2030,solar,R03C06,240,2.984581
Senegal,SEN,2030,wind,R03C06,180,2.551876
Senegal,SEN,2040,solar,R03C06,240,3.379336
Senegal,SEN,2040,wind,R03C06,180,2.882227
Senegal,SEN,2050,solar,R03C06,240,4.708353
Senegal,SEN,2050,wind,R03C06,210,3.989422
Serbia,SRB,2030,solar,R02C07,355,2.095686
Serbia,SRB,2030,wind,R02C07,398,10.416079
Serbia,SRB,2040,solar,R02C07,444,3.565582
Serbia,SRB,2040,wind,R02C07,398,11.761325
Serbia,SRB,2050,solar,R02C07,444,3.600218
Serbia,SRB,2050,wind,R02C07,468,13.792758
Sierra Leone,SLE,2030,solar,R03C06,165,1.39341
Sierra Leone,SLE,2030,wind,R03C06,357,7.841608
Sierra Leone,SLE,2040,solar,R03C06,165,1.668717
Sierra Leone,SLE,2040,wind,R03C06,357,8.126371
Sierra Leone,SLE,2050,solar,R03C06,166,2.137506
Sierra Leone,SLE,2050,wind,R03C06,357,8.828242
Slovakia,SVK,2030,solar,R02C07,157,0.398993
Slovakia,SVK,2030,wind,R02C07,218,1.049477
Slovakia,SVK,2040,solar,R02C07,157,0.4518
Slovakia,SVK,2040,wind,R02C07,218,1.151169
Slovakia,SVK,2050,solar,R02C07,157,0.623035
Slovakia,SVK,2050,wind,R02C07,218,1.584163
Slovenia,SVN,2030,solar,R02C07,8,0.007498
Slovenia,SVN,2030,wind,R02C07,54,0.169215
Slovenia,SVN,2040,solar,R02C07,8,0.015728
Slovenia,SVN,2040,wind,R02C07,54,0.191271
Slovenia,SVN,2050,solar,R02C07,8,0.015728
Slovenia,SVN,2050,wind,R02C07,62,0.302303
Somaliland,-99,2030,solar,R03C08,169,2.370557
Somaliland,-99,2040,solar,R03C08,169,2.545876
Somaliland,-99,2050,solar,R03C08,169,3.461631
Somaliland,-99,2050,wind,R03C08,1,0.003414
South Africa,ZAF,2030,solar,R04C07,3168,19.514699
South Africa,ZAF,2030,solar,R04C08,713,4.506707
South Africa,ZAF,2030,solar,R05C07,2098,18.036944
South Africa,ZAF,2030,wind,R04C07,2749,26.106655
South Africa,ZAF,2030,wind,R04C08,746,11.62601
South Africa,ZAF,2030,wind,R05C07,4,0.199948
South Africa,ZAF,2030,wind,R05C08,57,1.669473
South Africa,ZAF,2040,solar,R04C07,3170,21.592615
South Africa,ZAF,2040,solar,R04C08,714,4.964244
South Africa,ZAF,2040,solar,R05C07,2099,20.012173
South Africa,ZAF,2040,wind,R04C07,2749,28.155722
South Africa,ZAF,2040,wind,R04C08,746,12.986122
South Africa,ZAF,2040,wind,R05C07,4,0.220282
South Africa,ZAF,2040,wind,R05C08,58,1.685892
South Africa,ZAF,2050,solar,R04C07,3329,28.586652
South Africa,ZAF,2050,solar,R04C08,716,6.613783
South Africa,ZAF,2050,solar,R05C07,2099,26.700303
South Africa,ZAF,2050,wind,R04C07,3153,39.739364
South Africa,ZAF,2050,wind,R04C08,746,17.688701
South Africa,ZAF,2050,wind,R05C07,4,0.300672
South Africa,ZAF,2050,wind,R05C08,58,2.235557
South Korea,KOR,2030,solar,R02C11,253,1.305431
South Korea,KOR,2030,wind,R02C11,217,7.440542
South Korea,KOR,2040,solar,R02C11,253,1.508779
South Korea,KOR,2040,wind,R02C11,220,8.216466
South Korea,KOR,2050,solar,R02C11,253,1.910019
South Korea,KOR,2050,wind,R02C11,221,11.401405
Spain,ESP,2030,solar,R02C06,1424,8.715183
Spain,ESP,2030,solar,R02C07,42,0.206347
Spain,ESP,2030,wind,R02C06,2764,26.575602
Spain,ESP,2030,wind,R02C07,88,0.379976
Spain,ESP,2040,solar,R02C06,3923,33.810427
Spain,ESP,2040,solar,R02C07,272,1.532379
Spain,ESP,2040,wind,R02C06,2764,29.164333
Spain,ESP,2040,wind,R02C07,88,0.446235
Spain,ESP,2050,solar,R02C06,3923,33.810427
Spain,ESP,2050,solar,R02C07,272,1.532379
Spain,ESP,2050,wind,R02C06,2939,38.98506
Spain,ESP,2050,wind,R02C07,88,0.618317
Sri Lanka,LKA,2030,solar,R03C09,255,7.651031
Sri Lanka,LKA,2030,wind,R03C09,385,9.449926
Sri Lanka,LKA,2040,solar,R03C09,255,8.081449
Sri Lanka,LKA,2040,wind,R03C09,387,10.839783
Sri Lanka,LKA,2050,solar,R03C09,255,10.044548
Sri Lanka,LKA,2050,wind,R03C09,387,15.293546
Sudan,SDN,2030,solar,R03C07,167,3.356211
Sudan,SDN,2030,solar,R03C08,1345,26.4036
Sudan,SDN,2030,wind,R03C07,119,2.621147
Sudan,SDN,2030,wind,R03C08,1034,12.046369
Sudan,SDN,2040,solar,R03C07,167,3.595528
Sudan,SDN,2040,solar,R03C08,1345,28.69154
Sudan,SDN,2040,wind,R03C07,119,2.903057
Sudan,SDN,2040,wind,R03C08,1034,13.194695
Sudan,SDN,2050,solar,R03C07,167,3.994124
Sudan,SDN,2050,solar,R03C08,1352,38.671187
Sudan,SDN,2050,wind,R03C07,170,5.686174
Sudan,SDN,2050,wind,R03C08,1063,18.90958
Suriname,SUR,2030,solar,R03C05,24,0.199436
Suriname,SUR,2030,wind,R03C05,1,0.024599
Suriname,SUR,2040,solar,R03C05,24,0.236659
Suriname,SUR,2040,wind,R03C05,1,0.025953
Suriname,SUR,2050,solar,R03C05,24,0.327537
Suriname,SUR,2050,wind,R03C05,1,0.036673
Sweden,SWE,2030,solar,R01C07,163,0.323585
Sweden,SWE,2030,solar,R02C07,3,0.007751
Sweden,SWE,2030,wind,R01C07,28,0.124407
Sweden,SWE,2030,wind,R02C07,689,3.949266
Sweden,SWE,2040,solar,R01C07,163,0.341779
Sweden,SWE,2040,solar,R02C07,3,0.007836
Sweden,SWE,2040,wind,R01C07,28,0.136787
Sweden,SWE,2040,wind,R02C07,693,4.385859
Sweden,SWE,2050,solar,R01C07,163,0.389741
Sweden,SWE,2050,solar,R02C07,3,0.007838
Sweden,SWE,2050,wind,R01C07,28,0.17242
Sweden,SWE,2050,wind,R02C07,694,5.991414
Switzerland,CHE,2030,solar,R02C07,58,0.368494
Switzerland,CHE,2030,wind,R02C07,186,1.314792
Switzerland,CHE,2040,solar,R02C07,327,2.742076
Switzerland,CHE,2040,wind,R02C07,186,1.469186
Switzerland,CHE,2050,solar,R02C07,327,2.755622
Switzerland,CHE,2050,wind,R02C07,186,2.123298
Syria,SYR,2030,solar,R02C08,968,4.909567
Syria,SYR,2030,wind,R02C08,788,5.956772
Syria,SYR,2040,solar,R02C08,971,5.44967
Syria,SYR,2040,wind,R02C08,789,6.725919
Syria,SYR,2050,solar,R02C08,1051,7.828174
Syria,SYR,2050,wind,R02C08,925,9.706325
Tajikistan,TJK,2030,solar,R02C09,219,0.810542
Tajikistan,TJK,2030,wind,R02C09,241,2.981162
Tajikistan,TJK,2040,solar,R02C09,219,0.899652
Tajikistan,TJK,2040,wind,R02C09,241,3.456136
Tajikistan,TJK,2050,solar,R02C09,219,1.211682
Tajikistan,TJK,2050,wind,R02C09,258,4.390101
Tanzania,TZA,2030,solar,R04C08,1295,21.824937
Tanzania,TZA,2030,wind,R04C07,9,0.094467
Tanzania,TZA,2030,wind,R04C08,1048,19.248127
Tanzania,TZA,2040,solar,R04C08,1295,23.728943
Tanzania,TZA,2040,wind,R04C07,9,0.095592
Tanzania,TZA,2040,wind,R04C08,1048,21.849505
Tanzania,TZA,2050,solar,R04C08,1295,30.363534
Tanzania,TZA,2050,wind,R04C07,9,0.133588
Tanzania,TZA,2050,wind,R04C08,1208,31.374773
Thailand,THA,2030,solar,R03C10,1249,5.789432
Thailand,THA,2030,wind,R03C10,2314,55.069139
Thailand,THA,2040,solar,R03C10,1256,6.309883
Thailand,THA,2040,wind,R03C10,2317,59.223724
Thailand,THA,2050,solar,R03C10,1276,7.969615
Thailand,THA,2050,wind,R03C10,2491,80.727017
Togo,TGO,2030,solar,R03C07,396,2.038166
Togo,TGO,2030,wind,R03C07,125,3.320874
Togo,TGO,2040,solar,R03C07,396,2.25913
Togo,TGO,2040,wind,R03C07,125,3.614771
Togo,TGO,2050,solar,R03C07,396,3.176458
Togo,TGO,2050,wind,R03C07,125,4.53169
Tunisia,TUN,2030,solar,R02C07,698,9.287946
Tunisia,TUN,2030,wind,R02C07,524,2.611896
Tunisia,TUN,2040,solar,R02C07,698,10.197012
Tunisia,TUN,2040,wind,R02C07,524,2.779354
Tunisia,TUN,2050,solar,R02C07,698,14.999278
Tunisia,TUN,2050,wind,R02C07,524,3.697583
Turkey,TUR,2030,solar,R02C07,303,1.486579
Turkey,TUR,2030,solar,R02C08,1473,5.929291
Turkey,TUR,2030,wind,R02C07,789,6.735612
Turkey,TUR,2030,wind,R02C08,3276,30.161064
Turkey,TUR,2040,solar,R02C07,349,1.751733
Turkey,TUR,2040,solar,R02C08,1476,6.382031
Turkey,TUR,2040,wind,R02C07,792,7.525597
Turkey,TUR,2040,wind,R02C08,3378,36.028002
Turkey,TUR,2050,solar,R02C07,351,1.812451
Turkey,TUR,2050,solar,R02C08,1476,7.804132
Turkey,TUR,2050,wind,R02C07,792,10.630426
Turkey,TUR,2050,wind,R02C08,3750,52.84652
Turkmenistan,TKM,2030,solar,R02C08,748,12.610229
Turkmenistan,TKM,2030,solar,R02C09,850,10.69759
Turkmenistan,TKM,2030,wind,R02C08,615,13.161045
Turkmenistan,TKM,2030,wind,R02C09,593,12.927182
Turkmenistan,TKM,2040,solar,R02C08,748,13.844099
Turkmenistan,TKM,2040,solar,R02C09,851,11.987339
Turkmenistan,TKM,2040,wind,R02C08,615,14.023362
Turkmenistan,TKM,2040,wind,R02C09,593,14.388985
Turkmenistan,TKM,2050,solar,R02C08,752,17.914098
Turkmenistan,TKM,2050,solar,R02C09,851,16.354893
Turkmenistan,TKM,2050,wind,R02C08,703,19.338228
Turkmenistan,TKM,2050,wind,R02C09,593,20.478365
Uganda,UGA,2030,solar,R03C08,938,7.203215
Uganda,UGA,2030,solar,R04C08,79,0.447476
Uganda,UGA,2030,wind,R03C07,3,0.004669
Uganda,UGA,2030,wind,R03C08,846,17.215015
Uganda,UGA,2030,wind,R04C07,39,0.339652
Uganda,UGA,2030,wind,R04C08,167,8.628187
Uganda,UGA,2040,solar,R03C08,938,7.88481
Uganda,UGA,2040,solar,R04C08,79,0.492219
Uganda,UGA,2040,wind,R03C07,3,0.005618
Uganda,UGA,2040,wind,R03C08,846,19.583757
Uganda,UGA,2040,wind,R04C07,39,0.357276
Uganda,UGA,2040,wind,R04C08,167,9.663668
Uganda,UGA,2050,solar,R03C08,940,9.900054
Uganda,UGA,2050,solar,R04C08,79,0.648916
Uganda,UGA,2050,wind,R03C07,3,0.008128
Uganda,UGA,2050,wind,R03C08,846,27.05577
Uganda,UGA,2050,wind,R04C07,39,0.516247
Uganda,UGA,2050,wind,R04C08,167,12.450851
Ukraine,UKR,2030,solar,R02C07,586,2.24074
Ukraine,UKR,2030,solar,R02C08,1186,5.627697
Ukraine,UKR,2030,wind,R02C07,1467,31.769985
Ukraine,UKR,2030,wind,R02C08,2734,41.470817
Ukraine,UKR,2040,solar,R02C07,586,2.3871
Ukraine,UKR,2040,solar,R02C08,1192,6.16664
Ukraine,UKR,2040,wind,R02C07,1467,35.115988
Ukraine,UKR,2040,wind,R02C08,2734,45.960533
Ukraine,UKR,2050,solar,R02C07,586,3.041313
Ukraine,UKR,2050,solar,R02C08,1193,7.626998
Ukraine,UKR,2050,wind,R02C07,1467,48.084954
Ukraine,UKR,2050,wind,R02C08,2934,56.61458
United Arab Emirates,ARE,2030,solar,R03C08,296,4.014431
United Arab Emirates,ARE,2030,wind,R03C08,221,3.091303
United Arab Emirates,ARE,2040,solar,R03C08,297,5.032093
United Arab Emirates,ARE,2040,wind,R03C08,221,3.397227
United Arab Emirates,ARE,2050,solar,R03C08,297,6.997596
United Arab Emirates,ARE,2050,wind,R03C08,249,4.381484
United Kingdom,GBR,2030,solar,R02C06,1580,18.422916
United Kingdom,GBR,2030,solar,R02C07,81,0.562084
United Kingdom,GBR,2030,wind,R02C06,1248,19.723219
United Kingdom,GBR,2040,solar,R02C06,1583,19.985322
United Kingdom,GBR,2040,solar,R02C07,81,0.652147
United Kingdom,GBR,2040,wind,R02C06,1251,21.255276
United Kingdom,GBR,2050,solar,R02C06,1586,23.248183
United Kingdom,GBR,2050,solar,R02C07,81,0.667489
United Kingdom,GBR,2050,wind,R02C06,1251,29.538247
United States of America,USA,2030,solar,R01C02,40,0.161368
United States of America,USA,2030,solar,R02C02,1227,9.980383
United States of America,USA,2030,solar,R02C03,26074,410.370244
United States of America,USA,2030,solar,R02C04,11360,126.921974
United States of America,USA,2030,solar,R03C03,1015,29.967996
United States of America,USA,2030,solar,R03C04,770,14.027527
United States of America,USA,2030,wind,R01C01,3,0.129412
United States of America,USA,2030,wind,R02C02,1077,12.193744
United States of America,USA,2030,wind,R02C03,19929,223.122694
United States of America,USA,2030,wind,R02C04,9795,97.51526
United States of America,USA,2030,wind,R03C03,543,3.261096
United States of America,USA,2030,wind,R03C04,150,3.042573
United States of America,USA,2040,solar,R01C02,41,0.163737
United States of America,USA,2040,solar,R02C02,1234,10.967833
United States of America,USA,2040,solar,R02C03,26092,446.138337
United States of America,USA,2040,solar,R02C04,11370,138.402133
United States of America,USA,2040,solar,R03C03,1015,32.291723
United States of America,USA,2040,solar,R03C04,773,15.128598
United States of America,USA,2040,wind,R01C01,4,0.136977
United States of America,USA,2040,wind,R02C02,1168,13.973623
United States of America,USA,2040,wind,R02C03,20089,245.369812
United States of America,USA,2040,wind,R02C04,9796,107.194943
United States of America,USA,2040,wind,R03C03,545,3.665643
United States of America,USA,2040,wind,R03C04,150,3.342866
United States of America,USA,2050,solar,R01C02,41,0.211128
United States of America,USA,2050,solar,R02C02,1241,14.331429
United States of America,USA,2050,solar,R02C03,26194,566.903831
United States of America,USA,2050,solar,R02C04,11488,175.712299
United States of America,USA,2050,solar,R03C03,1017,39.240201
United States of America,USA,2050,solar,R03C04,779,22.436749
United States of America,USA,2050,wind,R01C01,4,0.197408
United States of America,USA,2050,wind,R02C02,1251,19.163684
United States of America,USA,2050,wind,R02C03,21417,339.374258
United States of America,USA,2050,wind,R02C04,10222,150.908019
United States of America,USA,2050,wind,R03C03,770,5.763906
United States of America,USA,2050,wind,R03C04,150,4.814788
Uruguay,URY,2030,solar,R05C05,1076,5.871477
Uruguay,URY,2030,wind,R05C05,488,2.619827
Uruguay,URY,2040,solar,R05C05,1077,6.523104
Uruguay,URY,2040,wind,R05C05,488,3.956836
Uruguay,URY,2050,solar,R05C05,1077,8.885375
Uruguay,URY,2050,wind,R05C05,568,5.945063
Uzbekistan,UZB,2030,solar,R02C08,150,4.352378
Uzbekistan,UZB,2030,solar,R02C09,1269,18.455346
Uzbekistan,UZB,2030,wind,R02C09,1016,9.438927
Uzbekistan,UZB,2040,solar,R02C08,150,4.664587
Uzbekistan,UZB,2040,solar,R02C09,1270,20.66211
Uzbekistan,UZB,2040,wind,R02C09,1016,10.478885
Uzbekistan,UZB,2050,solar,R02C08,150,6.67629
Uzbekistan,UZB,2050,solar,R02C09,1270,27.717505
Uzbekistan,UZB,2050,wind,R02C08,32,0.20071
Uzbekistan,UZB,2050,wind,R02C09,1260,15.020665
Venezuela,VEN,2030,solar,R03C04,2166,21.414354
Venezuela,VEN,2030,wind,R03C04,1974,21.956439
Venezuela,VEN,2040,solar,R03C04,2228,23.357949
Venezuela,VEN,2040,wind,R03C04,1976,24.082861
Venezuela,VEN,2050,solar,R03C04,2229,31.784217
Venezuela,VEN,2050,wind,R03C04,2077,33.892151
Vietnam,VNM,2030,solar,R03C10,715,5.967063
Vietnam,VNM,2030,wind,R03C10,1296,35.701894
Vietnam,VNM,2040,solar,R03C10,715,6.426624
Vietnam,VNM,2040,wind,R03C10,1297,38.327774
Vietnam,VNM,2050,solar,R03C10,716,7.761363
Vietnam,VNM,2050,wind,R03C10,1297,53.476466
W. Sahara,ESH,2030,solar,R03C06,6,0.706702
W. Sahara,ESH,2030,wind,R03C06,6,0.493826
W. Sahara,ESH,2040,solar,R03C06,6,0.750218
W. Sahara,ESH,2040,wind,R03C06,6,0.553257
W. Sahara,ESH,2050,solar,R03C06,6,0.806076
W. Sahara,ESH,2050,wind,R03C06,6,0.802485
Yemen,YEM,2030,solar,R03C08,548,9.169508
Yemen,YEM,2030,wind,R03C08,545,5.182105
Yemen,YEM,2040,solar,R03C08,551,9.900079
Yemen,YEM,2040,wind,R03C08,588,6.029162
Yemen,YEM,2050,solar,R03C08,622,13.163775
Yemen,YEM,2050,wind,R03C08,596,8.438927
Zambia,ZMB,2030,solar,R04C07,1224,16.745531
Zambia,ZMB,2030,solar,R04C08,468,5.505556
Zambia,ZMB,2030,wind,R04C07,445,3.540158
Zambia,ZMB,2030,wind,R04C08,453,4.581822
Zambia,ZMB,2040,solar,R04C07,1224,18.712999
Zambia,ZMB,2040,solar,R04C08,468,6.133673
Zambia,ZMB,2040,wind,R04C07,445,3.910769
Zambia,ZMB,2040,wind,R04C08,453,4.93224
Zambia,ZMB,2050,solar,R04C07,1224,24.909151
Zambia,ZMB,2050,solar,R04C08,468,8.86849
Zambia,ZMB,2050,wind,R04C07,515,6.313504
Zambia,ZMB,2050,wind,R04C08,453,7.023942
Zimbabwe,ZWE,2030,solar,R04C07,639,6.803522
Zimbabwe,ZWE,2030,solar,R04C08,969,7.897958
Zimbabwe,ZWE,2030,wind,R04C07,635,5.83956
Zimbabwe,ZWE,2030,wind,R04C08,686,13.767044
Zimbabwe,ZWE,2040,solar,R04C07,639,7.479667
Zimbabwe,ZWE,2040,solar,R04C08,974,8.619838
Zimbabwe,ZWE,2040,wind,R04C07,635,6.325099
Zimbabwe,ZWE,2040,wind,R04C08,686,15.339213
Zimbabwe,ZWE,2050,solar,R04C07,640,10.022258
Zimbabwe,ZWE,2050,solar,R04C08,978,11.408821
Zimbabwe,ZWE,2050,wind,R04C07,654,9.023289
Zimbabwe,ZWE,2050,wind,R04C08,886,23.205493
eSwatini,SWZ,2030,solar,R04C08,128,0.880328
eSwatini,SWZ,2030,wind,R04C08,44,0.394611
eSwatini,SWZ,2040,solar,R04C08,128,1.062842
eSwatini,SWZ,2040,wind,R04C08,44,0.406187
eSwatini,SWZ,2050,solar,R04C08,128,1.387212
eSwatini,SWZ,2050,wind,R04C08,44,0.561614
