country,country_en,country_iso3,patch_id,geometry_intersects,station_observed_ssp126,station_count_ssp126,capacity_gw_ssp126,station_observed_ssp245,station_count_ssp245,capacity_gw_ssp245,station_observed_ssp585,station_count_ssp585,capacity_gw_ssp585
Afghanistan,Afghanistan,AFG,R02C09,True,True,16538,551.127944,True,16538,551.127944,True,16538,551.127944
Afghanistan,Afghanistan,AFG,R03C09,True,True,108,5.48997,True,108,5.48997,True,108,5.48997
Albania,Albania,ALB,R02C07,True,True,897,10.072573,True,897,10.072573,True,897,10.072573
Algeria,Algeria,DZA,R02C06,True,True,6007,100.259181,True,6007,100.259181,True,6007,100.259181
Algeria,Algeria,DZA,R02C07,True,True,19935,438.237393,True,19935,438.237393,True,19935,438.237393
Algeria,Algeria,DZA,R03C06,True,True,613,28.369274,True,613,28.369274,True,613,28.369274
Algeria,Algeria,DZA,R03C07,True,True,4563,186.201214,True,4563,186.201214,True,4563,186.201214
Angola,Angola,AGO,R04C07,True,True,28225,583.131906,True,28225,583.131906,True,28225,583.131906
Argentina,Argentina,ARG,R04C04,True,True,29027,460.390097,True,29027,460.390097,True,29027,460.390097
Argentina,Argentina,ARG,R04C05,True,True,12240,135.967282,True,12240,135.967282,True,12240,135.967282
Argentina,Argentina,ARG,R05C04,True,True,77119,1265.817058,True,77119,1265.817058,True,77119,1265.817058
Argentina,Argentina,ARG,R05C05,True,True,16970,219.530733,True,16970,219.530733,True,16970,219.530733
Armenia,Armenia,ARM,R02C08,True,True,1700,11.703008,True,1700,11.703008,True,1700,11.703008
Australia,Australia,AUS,R04C10,True,True,6995,202.513027,True,6995,202.513027,True,6995,202.513027
Australia,Australia,AUS,R04C11,True,True,30455,951.220719,True,30455,951.220719,True,30455,951.220719
Australia,Australia,AUS,R04C12,True,True,14327,311.93359,True,14327,311.93359,True,14327,311.93359
Australia,Australia,AUS,R05C10,True,True,8255,152.594943,True,8255,152.594943,True,8255,152.594943
Australia,Australia,AUS,R05C11,True,True,48701,960.040282,True,48701,960.040282,True,48701,960.040282
Australia,Australia,AUS,R05C12,True,True,5048,80.815174,True,5048,80.815174,True,5048,80.815174
Austria,Austria,AUT,R02C07,True,True,8145,54.222139,True,8145,54.222139,True,8145,54.222139
Azerbaijan,Azerbaijan,AZE,R02C08,True,True,6152,53.89388,True,6152,53.89388,True,6152,53.89388
Bahamas,The Bahamas,BHS,R03C04,True,False,0,0,False,0,0,False,0,0
Bangladesh,Bangladesh,BGD,R03C09,True,True,3868,58.210061,True,3868,58.210061,True,3868,58.210061
Bangladesh,Bangladesh,BGD,R03C10,True,True,3767,84.050517,True,3767,84.050517,True,3767,84.050517
Belarus,Belarus,BLR,R02C07,True,True,14827,108.707022,True,14827,108.707022,True,14827,108.707022
Belarus,Belarus,BLR,R02C08,True,True,4082,24.426637,True,4082,24.426637,True,4082,24.426637
Belgium,Belgium,BEL,R02C07,True,True,3577,71.690092,True,3577,71.690092,True,3577,71.690092
Belize,Belize,BLZ,R03C04,True,True,1516,22.391178,True,1516,22.391178,True,1516,22.391178
Benin,Benin,BEN,R03C07,True,True,8965,125.763021,True,8965,125.763021,True,8965,125.763021
Bhutan,Bhutan,BTN,R03C09,True,True,114,0.148442,True,114,0.148442,False,114,0.148442
Bhutan,Bhutan,BTN,R03C10,True,True,297,1.017805,True,297,1.017805,True,297,1.017805
Bolivia,Bolivia,BOL,R04C04,True,True,15650,250.257437,True,15650,250.257437,True,15650,250.257437
Bolivia,Bolivia,BOL,R04C05,True,True,921,18.972304,True,921,18.972304,True,921,18.972304
Bosnia and Herz.,Bosnia and Herzegovina,BIH,R02C07,True,True,3526,30.858357,True,3526,30.858357,True,3526,30.858357
Botswana,Botswana,BWA,R04C07,True,True,19767,414.303698,True,19767,414.303698,True,19767,414.303698
Brazil,Brazil,BRA,R03C04,True,True,3179,91.342174,True,3179,91.342174,True,3179,91.342174
Brazil,Brazil,BRA,R03C05,True,True,1696,42.095277,True,1696,42.095277,True,1696,42.095277
Brazil,Brazil,BRA,R04C04,True,True,7105,110.164654,True,7105,110.164654,True,7105,110.164654
Brazil,Brazil,BRA,R04C05,True,True,307327,4975.408778,True,307327,4975.408778,True,307327,4975.408778
Brazil,Brazil,BRA,R05C05,True,True,6407,83.599677,True,6407,83.599677,True,6407,83.599677
Brunei,Brunei,BRN,R03C10,True,True,187,1.08009,False,187,1.08009,True,187,1.08009
Bulgaria,Bulgaria,BGR,R02C07,True,True,6262,61.344138,True,6262,61.344138,True,6262,61.344138
Burkina Faso,Burkina Faso,BFA,R03C06,True,True,12779,200.287027,True,12779,200.287027,True,12779,200.287027
Burkina Faso,Burkina Faso,BFA,R03C07,True,True,1372,19.22522,True,1372,19.22522,True,1372,19.22522
Burundi,Burundi,BDI,R04C07,True,True,497,2.898556,True,497,2.898556,False,497,2.898556
Burundi,Burundi,BDI,R04C08,True,True,1180,29.980208,True,1180,29.980208,True,1180,29.980208
Cambodia,Cambodia,KHM,R03C10,True,True,11559,204.781153,True,11559,204.781153,True,11559,204.781153
Cameroon,Cameroon,CMR,R03C07,True,True,11470,129.490581,True,11470,129.490581,True,11470,129.490581
Canada,Canada,CAN,R01C02,True,True,8,0.047142,False,8,0.047142,False,8,0.047142
Canada,Canada,CAN,R01C03,True,False,0,0,False,0,0,False,0,0
Canada,Canada,CAN,R01C04,True,False,0,0,False,0,0,False,0,0
Canada,Canada,CAN,R02C02,True,True,2602,20.475665,True,2602,20.475665,True,2602,20.475665
Canada,Canada,CAN,R02C03,True,True,63835,717.537226,True,63835,717.537226,True,63835,717.537226
Canada,Canada,CAN,R02C04,True,True,23769,196.269443,True,23769,196.269443,True,23769,196.269443
Canada,Canada,CAN,R02C05,True,True,1865,38.587277,True,1865,38.587277,True,1865,38.587277
Central African Rep.,Central African Republic,CAF,R03C07,True,True,1564,20.051205,True,1564,20.051205,True,1564,20.051205
Chad,Chad,TCD,R03C07,True,True,9258,175.237264,True,9258,175.237264,True,9258,175.237264
Chile,Chile,CHL,R04C04,True,True,7969,142.488015,True,7969,142.488015,True,7969,142.488015
Chile,Chile,CHL,R05C04,True,True,10175,109.081448,True,10175,109.081448,True,10175,109.081448
China,People's Republic of China,CHN,R02C09,True,True,36778,1462.574202,True,36778,1462.574202,True,36778,1462.574202
China,People's Republic of China,CHN,R02C10,True,True,170932,4723.216881,True,170932,4723.216881,True,170932,4723.216881
China,People's Republic of China,CHN,R02C11,True,True,63668,1157.014159,True,63668,1157.014159,True,63668,1157.014159
China,People's Republic of China,CHN,R03C09,True,True,256,7.085457,False,256,7.085457,True,256,7.085457
China,People's Republic of China,CHN,R03C10,True,True,63423,751.022799,True,63423,751.022799,True,63423,751.022799
China,People's Republic of China,CHN,R03C11,True,True,3045,84.527447,True,3045,84.527447,True,3045,84.527447
Colombia,Colombia,COL,R03C04,True,True,28591,497.340377,True,28591,497.340377,True,28591,497.340377
Colombia,Colombia,COL,R04C04,True,False,0,0,False,0,0,False,0,0
Congo,Republic of the Congo,COG,R03C07,True,True,933,10.94342,True,933,10.94342,True,933,10.94342
Congo,Republic of the Congo,COG,R04C07,True,True,5866,67.298981,True,5866,67.298981,True,5866,67.298981
Costa Rica,Costa Rica,CRI,R03C04,True,True,1303,17.373696,True,1303,17.373696,False,1303,17.373696
Croatia,Croatia,HRV,R02C07,True,True,4846,52.351709,True,4846,52.351709,True,4846,52.351709
Cuba,Cuba,CUB,R03C04,True,True,7099,167.971582,True,7099,167.971582,True,7099,167.971582
Cyprus,Cyprus,CYP,R02C08,True,False,43,0.778329,True,43,0.778329,True,43,0.778329
Czechia,Czech Republic,CZE,R02C07,True,True,7853,83.327067,True,7853,83.327067,True,7853,83.327067
Côte d'Ivoire,Ivory Coast,CIV,R03C06,True,True,20720,327.124826,True,20720,327.124826,True,20720,327.124826
Dem. Rep. Congo,Democratic Republic of the Congo,COD,R03C07,True,True,1986,25.188499,True,1986,25.188499,True,1986,25.188499
Dem. Rep. Congo,Democratic Republic of the Congo,COD,R03C08,True,True,1229,40.27498,True,1229,40.27498,True,1229,40.27498
Dem. Rep. Congo,Democratic Republic of the Congo,COD,R04C07,True,True,28442,330.534288,True,28442,330.534288,True,28442,330.534288
Dem. Rep. Congo,Democratic Republic of the Congo,COD,R04C08,True,True,12,0.134573,True,12,0.134573,True,12,0.134573
Denmark,Denmark,DNK,R02C07,True,True,3581,51.228943,True,3581,51.228943,True,3581,51.228943
Djibouti,Djibouti,DJI,R03C08,True,True,1091,19.538615,True,1091,19.538615,True,1091,19.538615
Dominican Rep.,Dominican Republic,DOM,R03C04,True,True,3055,52.410292,True,3055,52.410292,True,3055,52.410292
Ecuador,Ecuador,ECU,R03C04,True,True,882,9.062652,True,882,9.062652,True,882,9.062652
Ecuador,Ecuador,ECU,R04C04,True,True,4924,73.263398,True,4924,73.263398,True,4924,73.263398
Egypt,Egypt,EGY,R02C07,True,True,3004,76.970681,True,3004,76.970681,True,3004,76.970681
Egypt,Egypt,EGY,R02C08,True,True,4804,57.352906,True,4804,57.352906,True,4804,57.352906
Egypt,Egypt,EGY,R03C07,True,True,2610,64.642927,True,2610,64.642927,True,2610,64.642927
Egypt,Egypt,EGY,R03C08,True,True,10325,286.349458,True,10325,286.349458,True,10325,286.349458
El Salvador,El Salvador,SLV,R03C03,True,False,0,0,False,0,0,False,0,0
El Salvador,El Salvador,SLV,R03C04,True,True,1426,17.131219,True,1426,17.131219,True,1426,17.131219
Eq. Guinea,Equatorial Guinea,GNQ,R03C07,True,True,779,8.333546,True,779,8.333546,True,779,8.333546
Eritrea,Eritrea,ERI,R03C08,True,True,2051,50.069328,True,2051,50.069328,True,2051,50.069328
Estonia,Estonia,EST,R02C07,True,True,3775,23.345814,True,3775,23.345814,True,3775,23.345814
Ethiopia,Ethiopia,ETH,R03C08,True,True,34908,634.93335,True,34908,634.93335,True,34908,634.93335
Falkland Is.,Falkland Islands,FLK,R05C04,True,False,0,0,False,0,0,False,0,0
Falkland Is.,Falkland Islands,FLK,R05C05,True,False,0,0,False,0,0,False,0,0
Fiji,Fiji,FJI,R04C12,True,False,0,0,False,0,0,False,0,0
Finland,Finland,FIN,R01C07,True,False,300,0.461557,True,300,0.461557,False,300,0.461557
Finland,Finland,FIN,R01C08,True,False,0,0,False,0,0,False,0,0
Finland,Finland,FIN,R02C07,True,False,0,0,False,0,0,False,0,0
France,France,-99,R02C06,True,True,11158,200.145874,True,11158,200.145874,True,11158,200.145874
France,France,-99,R02C07,True,True,46836,510.548023,True,46836,510.548023,True,46836,510.548023
France,France,-99,R03C05,True,True,643,10.356268,True,643,10.356268,True,643,10.356268
Gabon,Gabon,GAB,R03C07,True,True,874,9.816726,True,874,9.816726,True,874,9.816726
Gabon,Gabon,GAB,R04C07,True,True,2384,40.376239,True,2384,40.376239,True,2384,40.376239
Gambia,The Gambia,GMB,R03C06,True,True,822,13.636474,True,822,13.636474,True,822,13.636474
Georgia,Georgia,GEO,R02C08,True,True,3485,43.548279,True,3485,43.548279,True,3485,43.548279
Germany,Germany,DEU,R02C07,True,True,44431,526.943014,True,44431,526.943014,True,44431,526.943014
Ghana,Ghana,GHA,R03C06,True,True,12221,203.999731,True,12221,203.999731,True,12221,203.999731
Ghana,Ghana,GHA,R03C07,True,True,1985,27.766835,True,1985,27.766835,True,1985,27.766835
Greece,Greece,GRC,R02C07,True,True,5934,70.573794,True,5934,70.573794,True,5934,70.573794
Greenland,Greenland,GRL,R01C04,True,False,0,0,False,0,0,False,0,0
Greenland,Greenland,GRL,R01C05,True,False,0,0,False,0,0,False,0,0
Greenland,Greenland,GRL,R01C06,True,False,0,0,False,0,0,False,0,0
Guatemala,Guatemala,GTM,R03C03,True,True,3400,34.337823,True,3400,34.337823,True,3400,34.337823
Guatemala,Guatemala,GTM,R03C04,True,True,1981,26.873028,True,1981,26.873028,True,1981,26.873028
Guinea,Guinea,GIN,R03C06,True,True,9135,128.854925,True,9135,128.854925,True,9135,128.854925
Guinea-Bissau,Guinea-Bissau,GNB,R03C06,True,True,351,2.248056,True,351,2.248056,True,351,2.248056
Guyana,Guyana,GUY,R03C04,True,True,75,0.427864,True,75,0.427864,True,75,0.427864
Guyana,Guyana,GUY,R03C05,True,True,1182,20.34039,True,1182,20.34039,True,1182,20.34039
Haiti,Haiti,HTI,R03C04,True,True,1963,24.858315,True,1963,24.858315,True,1963,24.858315
Honduras,Honduras,HND,R03C04,True,True,3494,32.18589,True,3494,32.18589,True,3494,32.18589
Hungary,Hungary,HUN,R02C07,True,True,9039,139.576351,True,9039,139.576351,True,9039,139.576351
Iceland,Iceland,ISL,R01C06,True,True,656,2.746827,False,656,2.746827,True,656,2.746827
India,India,IND,R02C09,True,True,7342,79.372968,True,7342,79.372968,True,7342,79.372968
India,India,IND,R03C09,True,True,201373,3555.838141,True,201373,3555.838141,True,201373,3555.838141
India,India,IND,R03C10,True,True,11355,173.876128,True,11355,173.876128,True,11355,173.876128
Indonesia,Indonesia,IDN,R03C10,True,True,16725,229.918866,True,16725,229.918866,True,16725,229.918866
Indonesia,Indonesia,IDN,R03C11,True,True,368,9.813944,True,368,9.813944,True,368,9.813944
Indonesia,Indonesia,IDN,R04C10,True,True,38668,684.571309,True,38668,684.571309,True,38668,684.571309
Indonesia,Indonesia,IDN,R04C11,True,True,2573,71.005973,True,2573,71.005973,True,2573,71.005973
Iran,Iran,IRN,R02C08,True,True,74048,2032.589726,True,74048,2032.589726,True,74048,2032.589726
Iran,Iran,IRN,R02C09,True,True,6899,261.662779,True,6899,261.662779,True,6899,261.662779
Iran,Iran,IRN,R03C08,True,True,25858,600.903832,True,25858,600.903832,True,25858,600.903832
Iran,Iran,IRN,R03C09,True,True,11607,304.635873,True,11607,304.635873,True,11607,304.635873
Iraq,Iraq,IRQ,R02C08,True,True,23356,441.016035,True,23356,441.016035,True,23356,441.016035
Iraq,Iraq,IRQ,R03C08,True,True,172,5.562537,True,172,5.562537,True,172,5.562537
Ireland,Ireland,IRL,R02C06,True,True,6298,109.566914,True,6298,109.566914,True,6298,109.566914
Israel,Israel,ISR,R02C08,True,True,2311,31.864008,True,2311,31.864008,True,2311,31.864008
Israel,Israel,ISR,R03C08,True,True,84,2.429923,True,84,2.429923,False,84,2.429923
Italy,Italy,ITA,R02C07,True,True,20419,277.220403,True,20419,277.220403,True,20419,277.220403
Jamaica,Jamaica,JAM,R03C04,True,True,74,2.979304,True,74,2.979304,True,74,2.979304
Japan,Japan,JPN,R02C11,True,True,13013,264.424912,True,13013,264.424912,True,13013,264.424912
Jordan,Jordan,JOR,R02C08,True,True,4642,113.640251,True,4642,113.640251,True,4642,113.640251
Jordan,Jordan,JOR,R03C08,True,True,848,17.07628,True,848,17.07628,False,848,17.07628
Kazakhstan,Kazakhstan,KAZ,R02C08,True,True,26061,723.837908,True,26061,723.837908,True,26061,723.837908
Kazakhstan,Kazakhstan,KAZ,R02C09,True,True,85578,1773.486768,True,85578,1773.486768,True,85578,1773.486768
Kenya,Kenya,KEN,R03C08,True,True,7947,169.829979,True,7947,169.829979,True,7947,169.829979
Kenya,Kenya,KEN,R04C08,True,True,10010,154.142527,True,10010,154.142527,True,10010,154.142527
Kosovo,Kosovo,-99,R02C07,True,True,823,8.011131,True,823,8.011131,True,823,8.011131
Kuwait,Kuwait,KWT,R02C08,True,True,45,0.841627,True,45,0.841627,False,45,0.841627
Kuwait,Kuwait,KWT,R03C08,True,True,862,29.064187,True,862,29.064187,True,862,29.064187
Kyrgyzstan,Kyrgyzstan,KGZ,R02C09,True,True,3901,48.420058,True,3901,48.420058,True,3901,48.420058
Laos,Laos,LAO,R03C10,True,True,8630,137.581113,True,8630,137.581113,True,8630,137.581113
Latvia,Latvia,LVA,R02C07,True,True,7359,31.634594,True,7359,31.634594,True,7359,31.634594
Lebanon,Lebanon,LBN,R02C08,True,True,685,3.056279,True,685,3.056279,True,685,3.056279
Lesotho,Lesotho,LSO,R04C07,True,True,582,3.445507,True,582,3.445507,True,582,3.445507
Lesotho,Lesotho,LSO,R05C07,True,True,396,6.681053,True,396,6.681053,True,396,6.681053
Liberia,Liberia,LBR,R03C06,True,True,2864,33.391945,True,2864,33.391945,True,2864,33.391945
Libya,Libya,LBY,R02C07,True,True,14409,325.326529,True,14409,325.326529,True,14409,325.326529
Libya,Libya,LBY,R03C07,True,True,14175,396.533452,True,14175,396.533452,True,14175,396.533452
Lithuania,Lithuania,LTU,R02C07,True,True,5485,54.178846,True,5485,54.178846,True,5485,54.178846
Luxembourg,Luxembourg,LUX,R02C07,True,True,421,3.221552,True,421,3.221552,True,421,3.221552
Madagascar,Madagascar,MDG,R04C08,True,True,3305,65.107914,True,3305,65.107914,True,3305,65.107914
Malawi,Malawi,MWI,R04C08,True,True,5095,49.589536,True,5095,49.589536,True,5095,49.589536
Malaysia,Malaysia,MYS,R03C10,True,True,10014,144.597021,True,10014,144.597021,True,10014,144.597021
Mali,Mali,MLI,R03C06,True,True,19471,438.391264,True,19471,438.391264,True,19471,438.391264
Mali,Mali,MLI,R03C07,True,True,81,6.37778,True,81,6.37778,False,81,6.37778
Mauritania,Mauritania,MRT,R03C06,True,True,4657,132.327208,True,4657,132.327208,True,4657,132.327208
Mexico,Mexico,MEX,R02C03,True,True,10545,228.961725,True,10545,228.961725,True,10545,228.961725
Mexico,Mexico,MEX,R03C03,True,True,86412,1481.721677,True,86412,1481.721677,True,86412,1481.721677
Mexico,Mexico,MEX,R03C04,True,True,5322,56.349942,True,5322,56.349942,True,5322,56.349942
Moldova,Moldova,MDA,R02C07,True,True,2898,45.762651,True,2898,45.762651,True,2898,45.762651
Moldova,Moldova,MDA,R02C08,True,False,0,0,False,0,0,False,0,0
Mongolia,Mongolia,MNG,R02C09,True,False,126,0.389322,True,126,0.389322,False,126,0.389322
Mongolia,Mongolia,MNG,R02C10,True,True,36332,1572.271268,True,36332,1572.271268,True,36332,1572.271268
Montenegro,Montenegro,MNE,R02C07,True,True,772,2.875171,True,772,2.875171,True,772,2.875171
Morocco,Morocco,MAR,R02C06,True,True,20052,338.382607,True,20052,338.382607,True,20052,338.382607
Morocco,Morocco,MAR,R03C06,True,True,5038,197.193712,True,5038,197.193712,True,5038,197.193712
Mozambique,Mozambique,MOZ,R04C08,True,True,21206,380.329541,True,21206,380.329541,True,21206,380.329541
Myanmar,Myanmar,MMR,R03C10,True,True,22047,368.725778,True,22047,368.725778,True,22047,368.725778
N. Cyprus,Turkish Republic of Northern Cyprus,-99,R02C08,True,False,110,3.874937,True,110,3.874937,True,110,3.874937
Namibia,Namibia,NAM,R04C07,True,True,28179,612.670417,True,28179,612.670417,True,28179,612.670417
Nepal,Nepal,NPL,R02C09,True,False,0,0,False,0,0,False,0,0
Nepal,Nepal,NPL,R03C09,True,True,4330,65.700309,True,4330,65.700309,True,4330,65.700309
Netherlands,Netherlands,NLD,R02C07,True,True,3737,119.218068,True,3737,119.218068,True,3737,119.218068
New Caledonia,New Caledonia,NCL,R04C12,True,True,198,5.524353,True,198,5.524353,True,198,5.524353
New Zealand,New Zealand,NZL,R05C12,True,True,11721,204.156341,True,11721,204.156341,True,11721,204.156341
Nicaragua,Nicaragua,NIC,R03C04,True,True,4892,34.574111,True,4892,34.574111,True,4892,34.574111
Niger,Niger,NER,R03C07,True,True,9392,226.617284,True,9392,226.617284,True,9392,226.617284
Nigeria,Nigeria,NGA,R03C07,True,True,52465,894.373351,True,52465,894.373351,True,52465,894.373351
North Korea,North Korea,PRK,R02C11,True,True,3300,43.956249,True,3300,43.956249,True,3300,43.956249
North Macedonia,North Macedonia,MKD,R02C07,True,True,1563,9.505769,True,1563,9.505769,True,1563,9.505769
Norway,Norway,-99,R01C07,True,True,3031,12.616301,True,3031,12.616301,True,3031,12.616301
Norway,Norway,-99,R01C08,True,False,0,0,False,0,0,False,0,0
Norway,Norway,-99,R02C07,True,True,1641,25.166556,True,1641,25.166556,True,1641,25.166556
Oman,Oman,OMN,R03C08,True,True,13671,439.386576,True,13671,439.386576,True,13671,439.386576
Pakistan,Pakistan,PAK,R02C09,True,True,21792,459.741831,True,21792,459.741831,True,21792,459.741831
Pakistan,Pakistan,PAK,R03C09,True,True,29219,979.875175,True,29219,979.875175,True,29219,979.875175
Palestine,Palestine,PSE,R02C08,True,True,417,3.984438,True,417,3.984438,True,417,3.984438
Panama,Panama,PAN,R03C04,True,True,1504,28.762144,True,1504,28.762144,True,1504,28.762144
Papua New Guinea,Papua New Guinea,PNG,R04C11,True,True,1697,25.323001,True,1697,25.323001,True,1697,25.323001
Papua New Guinea,Papua New Guinea,PNG,R04C12,True,False,0,0,False,0,0,False,0,0
Paraguay,Paraguay,PRY,R04C04,True,True,1310,36.769137,True,1310,36.769137,True,1310,36.769137
Paraguay,Paraguay,PRY,R04C05,True,True,15332,255.016125,True,15332,255.016125,True,15332,255.016125
Peru,Peru,PER,R04C04,True,True,16237,247.038161,True,16237,247.038161,True,16237,247.038161
Philippines,Philippines,PHL,R03C10,True,True,134,2.367363,True,134,2.367363,True,134,2.367363
Philippines,Philippines,PHL,R03C11,True,True,7227,121.454847,True,7227,121.454847,True,7227,121.454847
Poland,Poland,POL,R02C07,True,True,26531,296.691654,True,26531,296.691654,True,26531,296.691654
Portugal,Portugal,PRT,R02C06,True,True,8463,123.17552,True,8463,123.17552,True,8463,123.17552
Puerto Rico,Puerto Rico,PRI,R03C04,True,True,244,3.415871,True,244,3.415871,True,244,3.415871
Qatar,Qatar,QAT,R03C08,True,True,827,22.667039,True,827,22.667039,True,827,22.667039
Romania,Romania,ROU,R02C07,True,True,18594,212.356632,True,18594,212.356632,True,18594,212.356632
Russia,Russia,RUS,R01C01,True,False,0,0,False,0,0,False,0,0
Russia,Russia,RUS,R01C07,True,False,0,0,False,0,0,False,0,0
Russia,Russia,RUS,R01C08,True,True,4077,11.381358,True,4077,11.381358,True,4077,11.381358
Russia,Russia,RUS,R01C09,True,True,44,0.2677,True,44,0.2677,False,44,0.2677
Russia,Russia,RUS,R01C10,True,False,0,0,False,0,0,False,0,0
Russia,Russia,RUS,R01C11,True,False,0,0,False,0,0,False,0,0
Russia,Russia,RUS,R01C12,True,True,5,0.199934,False,5,0.199934,False,5,0.199934
Russia,Russia,RUS,R02C07,True,True,5143,32.45342,True,5143,32.45342,True,5143,32.45342
Russia,Russia,RUS,R02C08,True,True,168801,2068.14376,True,168801,2068.14376,True,168801,2068.14376
Russia,Russia,RUS,R02C09,True,True,64330,625.30838,True,64330,625.30838,True,64330,625.30838
Russia,Russia,RUS,R02C10,True,True,24429,280.443147,True,24429,280.443147,True,24429,280.443147
Russia,Russia,RUS,R02C11,True,True,14825,202.578911,True,14825,202.578911,True,14825,202.578911
Russia,Russia,RUS,R02C12,True,True,443,6.084833,False,443,6.084833,False,443,6.084833
Rwanda,Rwanda,RWA,R04C07,True,True,138,1.51966,True,138,1.51966,False,138,1.51966
Rwanda,Rwanda,RWA,R04C08,True,True,891,20.98267,True,891,20.98267,True,891,20.98267
S. Sudan,South Sudan,SSD,R03C07,True,True,1622,34.697189,True,1622,34.697189,True,1622,34.697189
S. Sudan,South Sudan,SSD,R03C08,True,True,2464,88.013967,True,2464,88.013967,True,2464,88.013967
Saudi Arabia,Saudi Arabia,SAU,R02C08,True,True,2237,76.39516,True,2237,76.39516,True,2237,76.39516
Saudi Arabia,Saudi Arabia,SAU,R03C08,True,True,61791,1579.936171,True,61791,1579.936171,True,61791,1579.936171
Senegal,Senegal,SEN,R03C06,True,True,5422,101.841664,True,5422,101.841664,True,5422,101.841664
Serbia,Serbia,SRB,R02C07,True,True,5043,68.16559,True,5043,68.16559,True,5043,68.16559
Sierra Leone,Sierra Leone,SLE,R03C06,True,True,2956,85.068772,True,2956,85.068772,True,2956,85.068772
Slovakia,Slovakia,SVK,R02C07,True,True,3331,31.558562,True,3331,31.558562,True,3331,31.558562
Slovenia,Slovenia,SVN,R02C07,True,True,1139,9.674747,True,1139,9.674747,True,1139,9.674747
Solomon Is.,Solomon Islands,SLB,R04C12,True,False,0,0,False,0,0,False,0,0
Somalia,Somalia,SOM,R03C08,True,False,0,0,False,0,0,False,0,0
Somalia,Somalia,SOM,R04C08,True,True,18,0.779226,False,18,0.779226,False,18,0.779226
Somaliland,Somaliland,-99,R03C08,True,True,1592,37.544261,True,1592,37.544261,True,1592,37.544261
South Africa,South Africa,ZAF,R04C07,True,True,49984,639.074938,True,49984,639.074938,True,49984,639.074938
South Africa,South Africa,ZAF,R04C08,True,True,10612,153.871078,True,10612,153.871078,True,10612,153.871078
South Africa,South Africa,ZAF,R05C07,True,True,19125,346.298081,True,19125,346.298081,True,19125,346.298081
South Africa,South Africa,ZAF,R05C08,True,False,173,5.590922,True,173,5.590922,False,173,5.590922
South Korea,South Korea,KOR,R02C11,True,True,3266,54.479804,True,3266,54.479804,True,3266,54.479804
Spain,Spain,ESP,R02C06,True,True,42719,435.742462,True,42719,435.742462,True,42719,435.742462
Spain,Spain,ESP,R02C07,True,True,2561,13.992009,True,2561,13.992009,True,2561,13.992009
Sri Lanka,Sri Lanka,LKA,R03C09,True,True,4717,152.71774,True,4717,152.71774,True,4717,152.71774
Sudan,Sudan,SDN,R03C07,True,True,3494,119.466922,True,3494,119.466922,True,3494,119.466922
Sudan,Sudan,SDN,R03C08,True,True,19529,449.675393,True,19529,449.675393,True,19529,449.675393
Suriname,Suriname,SUR,R03C05,True,True,476,6.038552,True,476,6.038552,True,476,6.038552
Sweden,Sweden,SWE,R01C07,True,True,1277,3.059913,True,1277,3.059913,True,1277,3.059913
Sweden,Sweden,SWE,R02C07,True,True,5858,40.849252,True,5858,40.849252,True,5858,40.849252
Switzerland,Switzerland,CHE,R02C07,True,True,3526,34.652321,True,3526,34.652321,True,3526,34.652321
Syria,Syria,SYR,R02C08,True,True,14371,225.738884,True,14371,225.738884,True,14371,225.738884
Tajikistan,Tajikistan,TJK,R02C09,True,True,3417,50.918942,True,3417,50.918942,True,3417,50.918942
Tanzania,Tanzania,TZA,R04C07,True,True,55,1.190866,True,55,1.190866,False,55,1.190866
Tanzania,Tanzania,TZA,R04C08,True,True,19718,374.974132,True,19718,374.974132,True,19718,374.974132
Thailand,Thailand,THA,R03C10,True,True,29181,543.058355,True,29181,543.058355,True,29181,543.058355
Timor-Leste,East Timor,TLS,R04C11,True,True,270,15.592958,False,270,15.592958,True,270,15.592958
Togo,Togo,TGO,R03C06,True,False,0,0,False,0,0,False,0,0
Togo,Togo,TGO,R03C07,True,True,4646,67.564914,True,4646,67.564914,True,4646,67.564914
Trinidad and Tobago,Trinidad and Tobago,TTO,R03C04,True,True,36,1.703839,False,36,1.703839,False,36,1.703839
Tunisia,Tunisia,TUN,R02C07,True,True,9315,159.674728,True,9315,159.674728,True,9315,159.674728
Turkey,Turkey,TUR,R02C07,True,True,7679,52.014644,True,7679,52.014644,True,7679,52.014644
Turkey,Turkey,TUR,R02C08,True,True,36089,411.709846,True,36089,411.709846,True,36089,411.709846
Turkmenistan,Turkmenistan,TKM,R02C08,True,True,12071,379.611995,True,12071,379.611995,True,12071,379.611995
Turkmenistan,Turkmenistan,TKM,R02C09,True,True,11475,345.819063,True,11475,345.819063,True,11475,345.819063
Uganda,Uganda,UGA,R03C07,True,True,24,0.175477,True,24,0.175477,False,24,0.175477
Uganda,Uganda,UGA,R03C08,True,True,8512,131.870993,True,8512,131.870993,True,8512,131.870993
Uganda,Uganda,UGA,R04C07,True,True,290,5.424686,True,290,5.424686,False,290,5.424686
Uganda,Uganda,UGA,R04C08,True,True,1688,72.104602,True,1688,72.104602,True,1688,72.104602
Ukraine,Ukraine,UKR,R02C07,True,True,16706,255.71521,True,16706,255.71521,True,16706,255.71521
Ukraine,Ukraine,UKR,R02C08,True,True,27746,360.038838,True,27746,360.038838,True,27746,360.038838
United Arab Emirates,United Arab Emirates,ARE,R03C08,True,True,3583,74.476593,True,3583,74.476593,True,3583,74.476593
United Kingdom,United Kingdom,GBR,R02C06,True,True,19496,351.33962,True,19496,351.33962,True,19496,351.33962
United Kingdom,United Kingdom,GBR,R02C07,True,True,1735,18.493918,True,1735,18.493918,True,1735,18.493918
United States of America,United States of America,USA,R01C01,True,True,14,0.591216,True,14,0.591216,False,14,0.591216
United States of America,United States of America,USA,R01C02,True,True,236,1.956484,True,236,1.956484,False,236,1.956484
United States of America,United States of America,USA,R02C01,True,False,0,0,False,0,0,False,0,0
United States of America,United States of America,USA,R02C02,True,True,18065,234.973046,True,18065,234.973046,True,18065,234.973046
United States of America,United States of America,USA,R02C03,True,True,361145,7252.85498,True,361145,7252.85498,True,361145,7252.85498
United States of America,United States of America,USA,R02C04,True,True,155113,2066.352632,True,155113,2066.352632,True,155113,2066.352632
United States of America,United States of America,USA,R03C03,True,True,14339,393.612496,True,14339,393.612496,True,14339,393.612496
United States of America,United States of America,USA,R03C04,True,True,7351,171.104025,True,7351,171.104025,True,7351,171.104025
Uruguay,Uruguay,URY,R05C05,True,True,14746,185.376535,True,14746,185.376535,True,14746,185.376535
Uzbekistan,Uzbekistan,UZB,R02C08,True,True,2393,61.687461,True,2393,61.687461,True,2393,61.687461
Uzbekistan,Uzbekistan,UZB,R02C09,True,True,19133,428.884416,True,19133,428.884416,True,19133,428.884416
Vanuatu,Vanuatu,VUT,R04C12,True,False,0,0,False,0,0,False,0,0
Venezuela,Venezuela,VEN,R03C04,True,True,33242,508.726953,True,33242,508.726953,True,33242,508.726953
Venezuela,Venezuela,VEN,R03C05,True,False,0,0,False,0,0,False,0,0
Vietnam,Vietnam,VNM,R03C10,True,True,13873,287.353086,True,13873,287.353086,True,13873,287.353086
W. Sahara,Western Sahara,ESH,R03C06,True,True,140,15.911792,True,140,15.911792,True,140,15.911792
Yemen,Yemen,YEM,R03C08,True,True,9399,196.752894,True,9399,196.752894,True,9399,196.752894
Zambia,Zambia,ZMB,R04C07,True,True,15856,263.828875,True,15856,263.828875,True,15856,263.828875
Zambia,Zambia,ZMB,R04C08,True,True,6701,96.056473,True,6701,96.056473,True,6701,96.056473
Zimbabwe,Zimbabwe,ZWE,R04C07,True,True,9576,193.395284,True,9576,193.395284,True,9576,193.395284
Zimbabwe,Zimbabwe,ZWE,R04C08,True,True,12527,252.450389,True,12527,252.450389,True,12527,252.450389
eSwatini,Eswatini,SWZ,R04C08,True,True,1018,14.742484,True,1018,14.742484,True,1018,14.742484
