country,country_iso3,year,type,station_count,capacity_gw
Afghanistan,AFG,2030,solar,1066,25.772273
Afghanistan,AFG,2030,wind,1085,27.023629
Afghanistan,AFG,2040,solar,1066,29.110628
Afghanistan,AFG,2040,wind,1085,29.714479
Afghanistan,AFG,2050,solar,1130,37.011069
Afghanistan,AFG,2050,wind,1085,41.575074
Albania,ALB,2030,solar,11,0.039888
Albania,ALB,2030,wind,96,0.343653
Albania,ALB,2040,solar,48,0.214569
Albania,ALB,2040,wind,96,0.376539
Albania,ALB,2050,solar,48,0.214569
Albania,ALB,2050,wind,96,0.539208
Algeria,DZA,2030,solar,2307,41.806982
Algeria,DZA,2030,wind,1743,20.741315
Algeria,DZA,2040,solar,2308,47.047922
Algeria,DZA,2040,wind,1743,23.45149
Algeria,DZA,2050,solar,2319,64.367821
Algeria,DZA,2050,wind,1887,34.514588
Angola,AGO,2030,solar,2589,35.267094
Angola,AGO,2030,wind,1187,14.830846
Angola,AGO,2040,solar,2592,38.71384
Angola,AGO,2040,wind,1187,16.943449
Angola,AGO,2050,solar,2744,51.021023
Angola,AGO,2050,wind,1258,24.714304
Argentina,ARG,2030,solar,10178,108.120315
Argentina,ARG,2030,wind,7609,72.832926
Argentina,ARG,2040,solar,10180,118.104855
Argentina,ARG,2040,wind,7688,83.408364
Argentina,ARG,2050,solar,10603,163.123099
Argentina,ARG,2050,wind,8105,111.898317
Armenia,ARM,2030,solar,18,0.100407
Armenia,ARM,2030,wind,141,0.472072
Armenia,ARM,2040,solar,18,0.112188
Armenia,ARM,2040,wind,141,0.500755
Armenia,ARM,2050,solar,18,0.151583
Armenia,ARM,2050,wind,141,0.722373
Australia,AUS,2030,solar,7901,123.155368
Australia,AUS,2030,wind,6130,96.565554
Australia,AUS,2040,solar,7911,135.466977
Australia,AUS,2040,wind,6133,104.908748
Australia,AUS,2050,solar,8026,177.790919
Australia,AUS,2050,wind,6598,143.617365
Austria,AUT,2030,solar,499,1.443492
Austria,AUT,2030,wind,331,3.032392
Austria,AUT,2040,solar,668,3.77673
Austria,AUT,2040,wind,331,3.172169
Austria,AUT,2050,solar,668,3.822537
Austria,AUT,2050,wind,331,4.271851
Azerbaijan,AZE,2030,solar,258,1.790131
Azerbaijan,AZE,2030,wind,657,5.563332
Azerbaijan,AZE,2040,solar,258,1.872688
Azerbaijan,AZE,2040,wind,657,6.420681
Azerbaijan,AZE,2050,solar,259,2.377656
Azerbaijan,AZE,2050,wind,657,8.723308
Bangladesh,BGD,2030,solar,301,1.460254
Bangladesh,BGD,2030,wind,733,29.508331
Bangladesh,BGD,2040,solar,305,1.613824
Bangladesh,BGD,2040,wind,733,30.912949
Bangladesh,BGD,2050,solar,320,1.75849
Bangladesh,BGD,2050,wind,804,39.126619
Belarus,BLR,2030,solar,956,2.955771
Belarus,BLR,2030,wind,1757,5.773886
Belarus,BLR,2040,solar,958,3.300578
Belarus,BLR,2040,wind,1757,6.440124
Belarus,BLR,2050,solar,959,3.714342
Belarus,BLR,2050,wind,1791,8.901225
Belgium,BEL,2030,solar,179,2.435513
Belgium,BEL,2030,wind,107,0.519059
Belgium,BEL,2040,solar,378,7.241312
Belgium,BEL,2040,wind,107,0.562682
Belgium,BEL,2050,solar,378,7.243611
Belgium,BEL,2050,wind,107,0.750274
Belize,BLZ,2030,solar,85,1.061365
Belize,BLZ,2030,wind,128,0.699297
Belize,BLZ,2040,solar,85,1.163432
Belize,BLZ,2040,wind,129,0.770683
Belize,BLZ,2050,solar,85,1.528674
Belize,BLZ,2050,wind,129,1.108695
Benin,BEN,2030,solar,684,5.954402
Benin,BEN,2030,wind,561,10.247755
Benin,BEN,2040,solar,685,6.450539
Benin,BEN,2040,wind,562,11.071994
Benin,BEN,2050,solar,685,9.184411
Benin,BEN,2050,wind,562,14.909051
Bhutan,BTN,2030,solar,17,0.00771
Bhutan,BTN,2030,wind,29,0.162591
Bhutan,BTN,2040,solar,17,0.008523
Bhutan,BTN,2040,wind,29,0.162995
Bhutan,BTN,2050,solar,17,0.011017
Bhutan,BTN,2050,wind,43,0.260294
Bolivia,BOL,2030,solar,1714,16.431373
Bolivia,BOL,2030,wind,532,4.782987
Bolivia,BOL,2040,solar,1715,18.642991
Bolivia,BOL,2040,wind,532,5.019917
Bolivia,BOL,2050,solar,1715,24.04161
Bolivia,BOL,2050,wind,578,7.255883
Bosnia and Herz.,BIH,2030,solar,228,0.968074
Bosnia and Herz.,BIH,2030,wind,222,0.718978
Bosnia and Herz.,BIH,2040,solar,307,1.860497
Bosnia and Herz.,BIH,2040,wind,222,0.819415
Bosnia and Herz.,BIH,2050,solar,307,1.860497
Bosnia and Herz.,BIH,2050,wind,222,1.083283
Botswana,BWA,2030,solar,1507,19.011734
Botswana,BWA,2030,wind,1024,8.545525
Botswana,BWA,2040,solar,1507,20.836627
Botswana,BWA,2040,wind,1024,9.485061
Botswana,BWA,2050,solar,1609,29.815919
Botswana,BWA,2050,wind,1024,13.060819
Brazil,BRA,2030,solar,20316,193.608268
Brazil,BRA,2030,wind,20245,288.146731
Brazil,BRA,2040,solar,20433,212.860967
Brazil,BRA,2040,wind,20247,316.402541
Brazil,BRA,2050,solar,20919,283.989116
Brazil,BRA,2050,wind,21400,436.487989
Bulgaria,BGR,2030,solar,225,1.272808
Bulgaria,BGR,2030,wind,745,3.040515
Bulgaria,BGR,2040,solar,277,1.487281
Bulgaria,BGR,2040,wind,746,3.439064
Bulgaria,BGR,2050,solar,278,1.631144
Bulgaria,BGR,2050,wind,746,4.504914
Burkina Faso,BFA,2030,solar,777,9.575067
Burkina Faso,BFA,2030,wind,853,14.55244
Burkina Faso,BFA,2040,solar,778,10.48548
Burkina Faso,BFA,2040,wind,859,15.870388
Burkina Faso,BFA,2050,solar,970,14.935257
Burkina Faso,BFA,2050,wind,1028,21.678011
Burundi,BDI,2030,solar,89,1.675741
Burundi,BDI,2030,wind,159,4.643733
Burundi,BDI,2040,solar,89,1.824571
Burundi,BDI,2040,wind,159,5.400903
Burundi,BDI,2050,solar,89,2.15828
Burundi,BDI,2050,wind,159,7.536465
Cambodia,KHM,2030,solar,724,10.135392
Cambodia,KHM,2030,wind,758,13.526158
Cambodia,KHM,2040,solar,725,10.846604
Cambodia,KHM,2040,wind,758,15.157976
Cambodia,KHM,2050,solar,726,12.252652
Cambodia,KHM,2050,wind,855,19.421766
Cameroon,CMR,2030,solar,554,3.404465
Cameroon,CMR,2030,wind,632,5.747439
Cameroon,CMR,2040,solar,555,4.079408
Cameroon,CMR,2040,wind,632,6.481039
Cameroon,CMR,2050,solar,640,5.305707
Cameroon,CMR,2050,wind,658,8.81389
Canada,CAN,2030,solar,5494,31.811143
Canada,CAN,2030,wind,6421,64.428364
Canada,CAN,2040,solar,5508,34.059688
Canada,CAN,2040,wind,6423,72.271014
Canada,CAN,2050,solar,5514,41.684363
Canada,CAN,2050,wind,6524,102.26046
Central African Rep.,CAF,2030,solar,68,0.918861
Central African Rep.,CAF,2030,wind,15,0.261348
Central African Rep.,CAF,2040,solar,68,0.974635
Central African Rep.,CAF,2040,wind,15,0.310724
Central African Rep.,CAF,2050,solar,68,0.996505
Central African Rep.,CAF,2050,wind,41,0.455507
Chad,TCD,2030,solar,559,9.826575
Chad,TCD,2030,wind,684,16.265081
Chad,TCD,2040,solar,561,11.019328
Chad,TCD,2040,wind,684,18.542944
Chad,TCD,2050,solar,562,13.038727
Chad,TCD,2050,wind,718,21.323426
Chile,CHL,2030,solar,1014,9.36605
Chile,CHL,2030,wind,1114,11.585175
Chile,CHL,2040,solar,1015,10.342522
Chile,CHL,2040,wind,1114,12.838408
Chile,CHL,2050,solar,1089,15.034723
Chile,CHL,2050,wind,1142,18.728254
China,CHN,2030,solar,20774,391.201139
China,CHN,2030,wind,26558,496.630325
China,CHN,2040,solar,20843,580.644354
China,CHN,2040,wind,26746,547.301981
China,CHN,2050,solar,21123,655.505503
China,CHN,2050,wind,28086,745.98069
Colombia,COL,2030,solar,2027,26.704811
Colombia,COL,2030,wind,1723,16.233601
Colombia,COL,2040,solar,2029,28.93249
Colombia,COL,2040,wind,1724,18.256865
Colombia,COL,2050,solar,2038,40.153977
Colombia,COL,2050,wind,1819,24.987608
Congo,COG,2030,solar,606,4.294209
Congo,COG,2030,wind,397,3.825854
Congo,COG,2040,solar,607,4.699682
Congo,COG,2040,wind,397,4.166784
Congo,COG,2050,solar,608,6.167474
Congo,COG,2050,wind,397,5.669426
Costa Rica,CRI,2030,solar,119,0.629605
Costa Rica,CRI,2040,solar,119,0.656163
Costa Rica,CRI,2050,solar,119,0.751353
Costa Rica,CRI,2050,wind,86,0.362902
Croatia,HRV,2030,solar,258,0.969146
Croatia,HRV,2030,wind,445,1.931121
Croatia,HRV,2040,solar,279,1.94313
Croatia,HRV,2040,wind,447,2.206174
Croatia,HRV,2050,solar,279,1.94313
Croatia,HRV,2050,wind,461,3.124066
Cuba,CUB,2030,solar,509,10.348731
Cuba,CUB,2030,wind,378,3.013049
Cuba,CUB,2040,solar,509,11.190595
Cuba,CUB,2040,wind,380,3.132895
Cuba,CUB,2050,solar,510,12.639717
Cuba,CUB,2050,wind,566,5.775863
Cyprus,CYP,2030,solar,11,0.222829
Cyprus,CYP,2040,solar,11,0.24926
Cyprus,CYP,2050,solar,11,0.269328
Czechia,CZE,2030,solar,249,0.990265
Czechia,CZE,2030,wind,554,2.509358
Czechia,CZE,2040,solar,305,1.588435
Czechia,CZE,2040,wind,554,2.807864
Czechia,CZE,2050,solar,306,1.762526
Czechia,CZE,2050,wind,554,4.034612
Côte d'Ivoire,CIV,2030,solar,1113,13.358625
Côte d'Ivoire,CIV,2030,wind,1240,21.91352
Côte d'Ivoire,CIV,2040,solar,1113,14.711541
Côte d'Ivoire,CIV,2040,wind,1241,22.89709
Côte d'Ivoire,CIV,2050,solar,1113,18.658335
Côte d'Ivoire,CIV,2050,wind,1406,29.793021
Dem. Rep. Congo,COD,2030,solar,2167,18.881555
Dem. Rep. Congo,COD,2030,wind,2184,34.182214
Dem. Rep. Congo,COD,2040,solar,2169,20.439485
Dem. Rep. Congo,COD,2040,wind,2184,38.413278
Dem. Rep. Congo,COD,2050,solar,2223,26.835432
Dem. Rep. Congo,COD,2050,wind,2232,53.097619
Denmark,DNK,2030,solar,175,0.845553
Denmark,DNK,2030,wind,196,1.937513
Denmark,DNK,2040,solar,175,0.917556
Denmark,DNK,2040,wind,197,2.2315
Denmark,DNK,2050,solar,175,1.069471
Denmark,DNK,2050,wind,242,4.038843
Djibouti,DJI,2030,solar,35,0.572693
Djibouti,DJI,2030,wind,15,0.096729
Djibouti,DJI,2040,solar,35,0.642382
Djibouti,DJI,2040,wind,15,0.107433
Djibouti,DJI,2050,solar,35,0.887767
Djibouti,DJI,2050,wind,92,0.345106
Dominican Rep.,DOM,2030,solar,217,3.336702
Dominican Rep.,DOM,2030,wind,226,2.455435
Dominican Rep.,DOM,2040,solar,218,3.829681
Dominican Rep.,DOM,2040,wind,226,2.532392
Dominican Rep.,DOM,2050,solar,220,5.055765
Dominican Rep.,DOM,2050,wind,226,3.642987
Ecuador,ECU,2030,solar,228,2.349964
Ecuador,ECU,2030,wind,514,3.524275
Ecuador,ECU,2040,solar,228,2.722746
Ecuador,ECU,2040,wind,515,3.824952
Ecuador,ECU,2050,solar,228,3.663094
Ecuador,ECU,2050,wind,547,5.242267
Egypt,EGY,2030,solar,1535,33.784745
Egypt,EGY,2030,wind,1186,10.055954
Egypt,EGY,2040,solar,1535,37.012493
Egypt,EGY,2040,wind,1226,13.112159
Egypt,EGY,2050,solar,1572,45.937369
Egypt,EGY,2050,wind,1357,19.072167
El Salvador,SLV,2030,solar,125,0.713673
El Salvador,SLV,2030,wind,86,0.304059
El Salvador,SLV,2040,solar,125,0.743181
El Salvador,SLV,2040,wind,86,0.32711
El Salvador,SLV,2050,solar,125,0.97833
El Salvador,SLV,2050,wind,86,0.436582
Eq. Guinea,GNQ,2030,solar,140,0.854274
Eq. Guinea,GNQ,2040,solar,140,0.989435
Eq. Guinea,GNQ,2050,solar,140,1.093318
Eritrea,ERI,2030,solar,142,3.202051
Eritrea,ERI,2030,wind,221,2.015953
Eritrea,ERI,2040,solar,142,3.40373
Eritrea,ERI,2040,wind,221,2.14862
Eritrea,ERI,2050,solar,142,4.192834
Eritrea,ERI,2050,wind,221,2.866439
Estonia,EST,2030,solar,214,0.591554
Estonia,EST,2030,wind,200,1.044569
Estonia,EST,2040,solar,214,0.625606
Estonia,EST,2040,wind,200,1.086819
Estonia,EST,2050,solar,215,0.809053
Estonia,EST,2050,wind,224,1.79147
Ethiopia,ETH,2030,solar,2456,34.947402
Ethiopia,ETH,2030,wind,2304,29.13418
Ethiopia,ETH,2040,solar,2462,38.719803
Ethiopia,ETH,2040,wind,2309,32.194736
Ethiopia,ETH,2050,solar,2464,47.477632
Ethiopia,ETH,2050,wind,2390,43.772118
Finland,FIN,2030,solar,100,0.133164
Finland,FIN,2040,solar,100,0.152643
Finland,FIN,2050,solar,100,0.17575
France,-99,2030,solar,3600,26.679818
France,-99,2030,wind,3236,32.107953
France,-99,2040,solar,5715,64.880213
France,-99,2040,wind,3241,35.366765
France,-99,2050,solar,5744,65.747645
France,-99,2050,wind,3464,49.364117
Gabon,GAB,2030,solar,231,1.077154
Gabon,GAB,2030,wind,153,1.471984
Gabon,GAB,2040,solar,233,1.289922
Gabon,GAB,2040,wind,153,1.561188
Gabon,GAB,2050,solar,233,1.68112
Gabon,GAB,2050,wind,153,2.097609
Gambia,GMB,2030,solar,41,0.621869
Gambia,GMB,2030,wind,62,0.66531
Gambia,GMB,2040,solar,41,0.654578
Gambia,GMB,2040,wind,62,0.738334
Gambia,GMB,2050,solar,41,0.889974
Gambia,GMB,2050,wind,75,1.072395
Georgia,GEO,2030,solar,199,1.393438
Georgia,GEO,2030,wind,366,3.616796
Georgia,GEO,2040,solar,199,1.543667
Georgia,GEO,2040,wind,366,3.787586
Georgia,GEO,2050,solar,199,1.750241
Georgia,GEO,2050,wind,404,6.469093
Germany,DEU,2030,solar,1903,16.183183
Germany,DEU,2030,wind,1867,13.138811
Germany,DEU,2040,solar,4109,50.020941
Germany,DEU,2040,wind,1867,15.06156
Germany,DEU,2050,solar,4296,51.758468
Germany,DEU,2050,wind,2067,21.489143
Ghana,GHA,2030,solar,704,19.414186
Ghana,GHA,2030,wind,823,5.684688
Ghana,GHA,2040,solar,704,20.720835
Ghana,GHA,2040,wind,917,6.454727
Ghana,GHA,2050,solar,705,23.402617
Ghana,GHA,2050,wind,1012,9.226706
Greece,GRC,2030,solar,247,1.212924
Greece,GRC,2030,wind,322,5.29358
Greece,GRC,2040,solar,513,3.220025
Greece,GRC,2040,wind,322,5.624829
Greece,GRC,2050,solar,513,3.220025
Greece,GRC,2050,wind,322,7.601814
Guatemala,GTM,2030,solar,307,1.126295
Guatemala,GTM,2030,wind,197,3.242228
Guatemala,GTM,2040,solar,308,1.192932
Guatemala,GTM,2040,wind,197,3.652011
Guatemala,GTM,2050,solar,309,1.619191
Guatemala,GTM,2050,wind,197,5.284802
Guinea,GIN,2030,solar,445,3.90374
Guinea,GIN,2030,wind,420,4.371063
Guinea,GIN,2040,solar,445,4.162157
Guinea,GIN,2040,wind,420,4.654776
Guinea,GIN,2050,solar,445,5.367806
Guinea,GIN,2050,wind,420,6.625048
Guinea-Bissau,GNB,2030,wind,42,0.080176
Guinea-Bissau,GNB,2040,wind,42,0.081177
Guinea-Bissau,GNB,2050,wind,42,0.117776
Guyana,GUY,2030,solar,88,1.4966
Guyana,GUY,2030,wind,98,1.023345
Guyana,GUY,2040,solar,88,1.603071
Guyana,GUY,2040,wind,98,1.05441
Guyana,GUY,2050,solar,88,2.213527
Guyana,GUY,2050,wind,98,1.260518
Haiti,HTI,2030,solar,160,1.380453
Haiti,HTI,2030,wind,170,1.34821
Haiti,HTI,2040,solar,161,1.503678
Haiti,HTI,2040,wind,172,1.422129
Haiti,HTI,2050,solar,161,1.758018
Haiti,HTI,2050,wind,172,2.002145
Honduras,HND,2030,solar,174,0.909081
Honduras,HND,2030,wind,172,1.867803
Honduras,HND,2040,solar,174,0.97388
Honduras,HND,2040,wind,172,1.889947
Honduras,HND,2050,solar,174,1.086028
Honduras,HND,2050,wind,172,2.820384
Hungary,HUN,2030,solar,353,2.095825
Hungary,HUN,2030,wind,493,7.159262
Hungary,HUN,2040,solar,390,2.605544
Hungary,HUN,2040,wind,493,8.246975
Hungary,HUN,2050,solar,391,3.435264
Hungary,HUN,2050,wind,521,11.283091
India,IND,2030,solar,10874,88.212179
India,IND,2030,wind,18938,315.531629
India,IND,2040,solar,11008,97.447611
India,IND,2040,wind,18942,346.000267
India,IND,2050,solar,11354,123.917668
India,IND,2050,wind,19164,460.484111
Indonesia,IDN,2030,solar,3957,67.465038
Indonesia,IDN,2030,wind,4035,62.618105
Indonesia,IDN,2040,solar,3971,72.958114
Indonesia,IDN,2040,wind,4047,68.339017
Indonesia,IDN,2050,solar,4016,88.034763
Indonesia,IDN,2050,wind,4399,91.609528
Iran,IRN,2030,solar,8176,163.23809
Iran,IRN,2030,wind,7225,117.023471
Iran,IRN,2040,solar,8186,178.225256
Iran,IRN,2040,wind,7225,129.232291
Iran,IRN,2050,solar,8280,231.999558
Iran,IRN,2050,wind,7489,175.428404
Iraq,IRQ,2030,solar,1446,19.886658
Iraq,IRQ,2030,wind,1151,4.68758
Iraq,IRQ,2040,solar,1446,22.1601
Iraq,IRQ,2040,wind,1151,5.18543
Iraq,IRQ,2050,solar,1556,29.891524
Iraq,IRQ,2050,wind,1247,8.864559
Ireland,IRL,2030,solar,626,12.812136
Ireland,IRL,2030,wind,204,1.346826
Ireland,IRL,2040,solar,628,13.915814
Ireland,IRL,2040,wind,205,1.475957
Ireland,IRL,2050,solar,628,17.038335
Ireland,IRL,2050,wind,205,2.09068
Israel,ISR,2030,solar,145,0.864242
Israel,ISR,2030,wind,114,1.639341
Israel,ISR,2040,solar,145,0.973423
Israel,ISR,2040,wind,114,1.838611
Israel,ISR,2050,solar,145,1.338175
Israel,ISR,2050,wind,114,2.555447
Italy,ITA,2030,solar,884,5.701143
Italy,ITA,2030,wind,1163,20.035447
Italy,ITA,2040,solar,1857,18.438794
Italy,ITA,2040,wind,1165,21.960127
Italy,ITA,2050,solar,1913,18.641193
Italy,ITA,2050,wind,1440,28.267381
Jamaica,JAM,2030,wind,13,0.443021
Jamaica,JAM,2040,wind,13,0.458158
Jamaica,JAM,2050,wind,13,0.685245
Japan,JPN,2030,solar,1052,18.077557
Japan,JPN,2030,wind,887,11.801455
Japan,JPN,2040,solar,1054,20.180561
Japan,JPN,2040,wind,891,13.151581
Japan,JPN,2050,solar,1070,23.961647
Japan,JPN,2050,wind,892,18.372083
Jordan,JOR,2030,solar,414,4.69628
Jordan,JOR,2030,wind,290,1.55754
Jordan,JOR,2040,solar,414,5.161523
Jordan,JOR,2040,wind,290,1.721776
Jordan,JOR,2050,solar,448,7.236825
Jordan,JOR,2050,wind,351,2.571446
Kazakhstan,KAZ,2030,solar,7271,115.552354
Kazakhstan,KAZ,2030,wind,6180,64.946637
Kazakhstan,KAZ,2040,solar,7275,125.539699
Kazakhstan,KAZ,2040,wind,6221,72.393049
Kazakhstan,KAZ,2050,solar,7336,160.571534
Kazakhstan,KAZ,2050,wind,6734,105.173695
Kenya,KEN,2030,solar,862,10.844987
Kenya,KEN,2030,wind,1227,27.635176
Kenya,KEN,2040,solar,862,11.90936
Kenya,KEN,2040,wind,1227,31.423608
Kenya,KEN,2050,solar,992,16.576615
Kenya,KEN,2050,wind,1258,41.305342
Kosovo,-99,2030,solar,1,0.000108
Kosovo,-99,2030,wind,61,0.095817
Kosovo,-99,2040,solar,80,0.227357
Kosovo,-99,2040,wind,61,0.10687
Kosovo,-99,2050,solar,80,0.227357
Kosovo,-99,2050,wind,61,0.148984
Kuwait,KWT,2030,solar,101,1.336787
Kuwait,KWT,2040,solar,101,1.508914
Kuwait,KWT,2050,solar,101,1.733759
Kyrgyzstan,KGZ,2030,solar,125,1.507276
Kyrgyzstan,KGZ,2030,wind,308,4.635324
Kyrgyzstan,KGZ,2040,solar,125,1.641085
Kyrgyzstan,KGZ,2040,wind,308,4.921787
Kyrgyzstan,KGZ,2050,solar,125,1.862733
Kyrgyzstan,KGZ,2050,wind,308,6.556003
Laos,LAO,2030,solar,508,5.503868
Laos,LAO,2030,wind,494,6.086409
Laos,LAO,2040,solar,509,6.226908
Laos,LAO,2040,wind,494,6.421721
Laos,LAO,2050,solar,509,7.926128
Laos,LAO,2050,wind,577,9.796526
Latvia,LVA,2030,solar,415,1.159822
Latvia,LVA,2030,wind,480,1.1116
Latvia,LVA,2040,solar,415,1.300107
Latvia,LVA,2040,wind,481,1.224747
Latvia,LVA,2050,solar,416,1.641503
Latvia,LVA,2050,wind,481,1.783622
Lebanon,LBN,2030,solar,55,0.151674
Lebanon,LBN,2030,wind,86,0.507137
Lebanon,LBN,2040,solar,55,0.156067
Lebanon,LBN,2040,wind,86,0.603506
Lebanon,LBN,2050,solar,55,0.182243
Lebanon,LBN,2050,wind,86,0.793068
Lesotho,LSO,2030,solar,57,0.587163
Lesotho,LSO,2030,wind,8,0.130205
Lesotho,LSO,2040,solar,57,0.588793
Lesotho,LSO,2040,wind,8,0.132598
Lesotho,LSO,2050,solar,57,0.781525
Lesotho,LSO,2050,wind,69,0.466879
Liberia,LBR,2030,solar,140,1.590777
Liberia,LBR,2030,wind,264,0.890489
Liberia,LBR,2040,solar,140,1.808351
Liberia,LBR,2040,wind,264,0.975732
Liberia,LBR,2050,solar,140,1.888227
Liberia,LBR,2050,wind,264,1.409219
Libya,LBY,2030,solar,2294,44.070899
Libya,LBY,2030,wind,1217,14.369382
Libya,LBY,2040,solar,2295,48.207106
Libya,LBY,2040,wind,1217,15.937577
Libya,LBY,2050,solar,2438,65.809214
Libya,LBY,2050,wind,1351,22.645986
Lithuania,LTU,2030,solar,452,2.016612
Lithuania,LTU,2030,wind,235,3.201293
Lithuania,LTU,2040,solar,452,2.183991
Lithuania,LTU,2040,wind,235,3.645831
Lithuania,LTU,2050,solar,453,2.486037
Lithuania,LTU,2050,wind,301,5.241642
Luxembourg,LUX,2030,solar,13,0.144777
Luxembourg,LUX,2030,wind,29,0.121747
Luxembourg,LUX,2040,solar,31,0.300527
Luxembourg,LUX,2040,wind,29,0.129183
Luxembourg,LUX,2050,solar,31,0.300546
Luxembourg,LUX,2050,wind,29,0.172625
Madagascar,MDG,2030,solar,91,0.425655
Madagascar,MDG,2030,wind,379,7.190597
Madagascar,MDG,2040,solar,91,0.469545
Madagascar,MDG,2040,wind,379,7.898507
Madagascar,MDG,2050,solar,91,0.643336
Madagascar,MDG,2050,wind,379,11.061765
Malawi,MWI,2030,solar,186,0.825516
Malawi,MWI,2030,wind,341,2.373197
Malawi,MWI,2040,solar,186,0.885874
Malawi,MWI,2040,wind,341,2.606061
Malawi,MWI,2050,solar,187,1.074148
Malawi,MWI,2050,wind,341,3.769019
Malaysia,MYS,2030,solar,577,7.070524
Malaysia,MYS,2030,wind,512,4.832477
Malaysia,MYS,2040,solar,578,7.818812
Malaysia,MYS,2040,wind,514,5.585368
Malaysia,MYS,2050,solar,579,9.639483
Malaysia,MYS,2050,wind,594,7.742179
Mali,MLI,2030,solar,1357,11.473197
Mali,MLI,2030,wind,1208,19.671142
Mali,MLI,2040,solar,1357,12.423244
Mali,MLI,2040,wind,1208,20.996694
Mali,MLI,2050,solar,1359,16.453602
Mali,MLI,2050,wind,1225,26.99403
Mauritania,MRT,2030,solar,463,7.794147
Mauritania,MRT,2030,wind,119,1.610624
Mauritania,MRT,2040,solar,463,8.612116
Mauritania,MRT,2040,wind,119,1.823745
Mauritania,MRT,2050,solar,463,10.996707
Mauritania,MRT,2050,wind,119,2.767405
Mexico,MEX,2030,solar,6727,66.939678
Mexico,MEX,2030,wind,6545,90.393498
Mexico,MEX,2040,solar,6737,73.39264
Mexico,MEX,2040,wind,6551,100.569133
Mexico,MEX,2050,solar,6782,97.902103
Mexico,MEX,2050,wind,6890,133.569391
Moldova,MDA,2030,solar,138,0.285833
Moldova,MDA,2030,wind,150,5.340699
Moldova,MDA,2040,solar,138,0.337447
Moldova,MDA,2040,wind,150,5.902036
Moldova,MDA,2050,solar,139,0.476661
Moldova,MDA,2050,wind,150,8.309134
Mongolia,MNG,2030,solar,2608,92.234194
Mongolia,MNG,2030,wind,2391,79.128841
Mongolia,MNG,2040,solar,2643,138.199936
Mongolia,MNG,2040,wind,2391,85.168877
Mongolia,MNG,2050,solar,2722,156.548341
Mongolia,MNG,2050,wind,2523,116.621698
Montenegro,MNE,2030,solar,54,0.218924
Montenegro,MNE,2030,wind,41,0.099099
Montenegro,MNE,2040,solar,84,0.305306
Montenegro,MNE,2040,wind,41,0.114544
Montenegro,MNE,2050,solar,84,0.305306
Montenegro,MNE,2050,wind,41,0.202012
Morocco,MAR,2030,solar,1811,28.540215
Morocco,MAR,2030,wind,1612,13.274896
Morocco,MAR,2040,solar,1811,31.435847
Morocco,MAR,2040,wind,1612,14.629837
Morocco,MAR,2050,solar,1958,42.797566
Morocco,MAR,2050,wind,1698,20.133929
Mozambique,MOZ,2030,solar,1413,16.367886
Mozambique,MOZ,2030,wind,957,13.233632
Mozambique,MOZ,2040,solar,1416,18.068993
Mozambique,MOZ,2040,wind,957,14.27272
Mozambique,MOZ,2050,solar,1431,24.123098
Mozambique,MOZ,2050,wind,1001,20.440945
Myanmar,MMR,2030,solar,1088,9.65759
Myanmar,MMR,2030,wind,1819,29.725602
Myanmar,MMR,2040,solar,1088,10.820493
Myanmar,MMR,2040,wind,1822,34.151759
Myanmar,MMR,2050,solar,1148,13.521634
Myanmar,MMR,2050,wind,1875,46.280518
N. Cyprus,-99,2030,solar,22,1.021779
N. Cyprus,-99,2040,solar,22,1.219445
N. Cyprus,-99,2050,solar,22,1.308992
Namibia,NAM,2030,solar,2083,36.759921
Namibia,NAM,2030,wind,1104,12.606413
Namibia,NAM,2040,solar,2083,39.866008
Namibia,NAM,2040,wind,1149,13.916715
Namibia,NAM,2050,solar,2201,51.607296
Namibia,NAM,2050,wind,1214,18.864552
Nepal,NPL,2030,solar,234,1.100701
Nepal,NPL,2030,wind,273,2.71155
Nepal,NPL,2040,solar,234,1.172179
Nepal,NPL,2040,wind,273,3.095757
Nepal,NPL,2050,solar,242,1.587325
Nepal,NPL,2050,wind,332,4.140093
Netherlands,NLD,2030,solar,407,6.721171
Netherlands,NLD,2030,wind,110,2.229817
Netherlands,NLD,2040,solar,420,15.328389
Netherlands,NLD,2040,wind,112,2.465904
Netherlands,NLD,2050,solar,422,15.334928
Netherlands,NLD,2050,wind,112,3.357304
New Caledonia,NCL,2030,solar,16,0.159104
New Caledonia,NCL,2040,solar,16,0.188194
New Caledonia,NCL,2050,solar,16,0.270631
New Zealand,NZL,2030,solar,890,11.320134
New Zealand,NZL,2030,wind,779,10.361957
New Zealand,NZL,2040,solar,891,12.602492
New Zealand,NZL,2040,wind,782,11.066543
New Zealand,NZL,2050,solar,894,15.402711
New Zealand,NZL,2050,wind,782,14.83293
Nicaragua,NIC,2030,solar,364,3.040911
Nicaragua,NIC,2030,wind,187,0.519789
Nicaragua,NIC,2040,solar,365,3.167315
Nicaragua,NIC,2040,wind,187,0.586068
Nicaragua,NIC,2050,solar,365,4.036563
Nicaragua,NIC,2050,wind,189,0.860542
Niger,NER,2030,solar,805,13.73906
Niger,NER,2030,wind,375,2.417317
Niger,NER,2040,solar,805,14.933221
Niger,NER,2040,wind,384,2.710015
Niger,NER,2050,solar,805,19.532121
Niger,NER,2050,wind,384,3.745436
Nigeria,NGA,2030,solar,3014,32.718798
Nigeria,NGA,2030,wind,3667,49.682539
Nigeria,NGA,2040,solar,3017,35.621636
Nigeria,NGA,2040,wind,3744,53.692021
Nigeria,NGA,2050,solar,3020,46.533503
Nigeria,NGA,2050,wind,3745,71.475062
North Korea,PRK,2030,solar,87,0.476575
North Korea,PRK,2030,wind,308,2.84017
North Korea,PRK,2040,solar,87,0.483331
North Korea,PRK,2040,wind,308,3.048314
North Korea,PRK,2050,solar,87,0.664224
North Korea,PRK,2050,wind,308,3.684026
North Macedonia,MKD,2030,solar,72,0.195609
North Macedonia,MKD,2030,wind,106,0.653607
North Macedonia,MKD,2040,solar,147,0.559746
North Macedonia,MKD,2040,wind,106,0.702279
North Macedonia,MKD,2050,solar,147,0.559746
North Macedonia,MKD,2050,wind,106,0.963938
Norway,-99,2030,solar,344,1.077877
Norway,-99,2030,wind,296,4.52167
Norway,-99,2040,solar,344,1.147936
Norway,-99,2040,wind,296,4.707175
Norway,-99,2050,solar,345,1.43506
Norway,-99,2050,wind,296,7.032327
Oman,OMN,2030,solar,1125,14.200013
Oman,OMN,2030,wind,630,6.26054
Oman,OMN,2040,solar,1126,16.217712
Oman,OMN,2040,wind,630,7.212335
Oman,OMN,2050,solar,1126,20.829461
Oman,OMN,2050,wind,655,9.711967
Pakistan,PAK,2030,solar,3274,71.986729
Pakistan,PAK,2030,wind,3628,66.08506
Pakistan,PAK,2040,solar,3278,78.206194
Pakistan,PAK,2040,wind,3630,76.058928
Pakistan,PAK,2050,solar,3286,94.887352
Pakistan,PAK,2050,wind,3630,101.214092
Palestine,PSE,2030,solar,19,0.028742
Palestine,PSE,2030,wind,29,0.135517
Palestine,PSE,2040,solar,19,0.033608
Palestine,PSE,2040,wind,29,0.146565
Palestine,PSE,2050,solar,19,0.044971
Palestine,PSE,2050,wind,29,0.15393
Panama,PAN,2030,solar,27,0.208979
Panama,PAN,2030,wind,76,3.153841
Panama,PAN,2040,solar,27,0.247968
Panama,PAN,2040,wind,76,3.50627
Panama,PAN,2050,solar,27,0.342061
Panama,PAN,2050,wind,108,5.005268
Papua New Guinea,PNG,2030,solar,52,0.849467
Papua New Guinea,PNG,2030,wind,58,0.112342
Papua New Guinea,PNG,2040,solar,52,0.910615
Papua New Guinea,PNG,2040,wind,58,0.127169
Papua New Guinea,PNG,2050,solar,52,1.15873
Papua New Guinea,PNG,2050,wind,58,0.183365
Paraguay,PRY,2030,solar,1067,8.543419
Paraguay,PRY,2030,wind,888,13.219781
Paraguay,PRY,2040,solar,1068,9.44171
Paraguay,PRY,2040,wind,888,14.960375
Paraguay,PRY,2050,solar,1068,12.540955
Paraguay,PRY,2050,wind,1050,19.464973
Peru,PER,2030,solar,1446,12.436198
Peru,PER,2030,wind,654,9.732982
Peru,PER,2040,solar,1449,13.954078
Peru,PER,2040,wind,656,10.660275
Peru,PER,2050,solar,1485,19.052464
Peru,PER,2050,wind,743,15.166748
Philippines,PHL,2030,solar,133,1.085384
Philippines,PHL,2030,wind,641,5.392694
Philippines,PHL,2040,solar,133,1.223476
Philippines,PHL,2040,wind,647,5.971591
Philippines,PHL,2050,solar,134,1.52648
Philippines,PHL,2050,wind,653,8.630463
Poland,POL,2030,solar,1676,7.958874
Poland,POL,2030,wind,1820,24.144643
Poland,POL,2040,solar,1695,9.040998
Poland,POL,2040,wind,1920,26.069988
Poland,POL,2050,solar,1695,11.263188
Poland,POL,2050,wind,2250,37.313756
Portugal,PRT,2030,solar,307,0.907696
Portugal,PRT,2030,wind,610,19.446533
Portugal,PRT,2040,solar,832,5.527783
Portugal,PRT,2040,wind,612,20.142351
Portugal,PRT,2050,solar,832,5.527783
Portugal,PRT,2050,wind,613,26.760711
Puerto Rico,PRI,2030,wind,38,0.418552
Puerto Rico,PRI,2040,wind,38,0.425935
Puerto Rico,PRI,2050,wind,38,0.638469
Qatar,QAT,2030,solar,80,1.281539
Qatar,QAT,2030,wind,81,0.348967
Qatar,QAT,2040,solar,80,1.425213
Qatar,QAT,2040,wind,81,0.375216
Qatar,QAT,2050,solar,80,2.061937
Qatar,QAT,2050,wind,85,0.55721
Romania,ROU,2030,solar,1170,4.804955
Romania,ROU,2030,wind,1576,20.133537
Romania,ROU,2040,solar,1175,5.291959
Romania,ROU,2040,wind,1577,21.775172
Romania,ROU,2050,solar,1176,6.293961
Romania,ROU,2050,wind,1663,30.464258
Russia,RUS,2030,solar,15947,95.646817
Russia,RUS,2030,wind,21458,196.229349
Russia,RUS,2040,solar,15968,105.016851
Russia,RUS,2040,wind,21509,214.839172
Russia,RUS,2050,solar,16267,133.866933
Russia,RUS,2050,wind,22836,296.402083
Rwanda,RWA,2030,solar,32,0.470551
Rwanda,RWA,2030,wind,123,3.861257
Rwanda,RWA,2040,solar,32,0.497586
Rwanda,RWA,2040,wind,123,4.466146
Rwanda,RWA,2050,solar,32,0.564339
Rwanda,RWA,2050,wind,123,6.371883
S. Sudan,SSD,2030,solar,319,4.327803
S. Sudan,SSD,2030,wind,308,10.197308
S. Sudan,SSD,2040,solar,319,4.693302
S. Sudan,SSD,2040,wind,308,11.474165
S. Sudan,SSD,2050,solar,325,7.076105
S. Sudan,SSD,2050,wind,308,15.439923
Saudi Arabia,SAU,2030,solar,5274,80.407943
Saudi Arabia,SAU,2030,wind,2160,26.789128
Saudi Arabia,SAU,2040,solar,5275,87.642491
Saudi Arabia,SAU,2040,wind,2162,29.703543
Saudi Arabia,SAU,2050,solar,5545,115.039231
Saudi Arabia,SAU,2050,wind,2840,43.919188
Senegal,SEN,2030,solar,240,2.984581
Senegal,SEN,2030,wind,180,2.551876
Senegal,SEN,2040,solar,240,3.379336
Senegal,SEN,2040,wind,180,2.882227
Senegal,SEN,2050,solar,240,4.708353
Senegal,SEN,2050,wind,210,3.989422
Serbia,SRB,2030,solar,355,2.095686
Serbia,SRB,2030,wind,398,10.416079
Serbia,SRB,2040,solar,444,3.565582
Serbia,SRB,2040,wind,398,11.761325
Serbia,SRB,2050,solar,444,3.600218
Serbia,SRB,2050,wind,468,13.792758
Sierra Leone,SLE,2030,solar,165,1.39341
Sierra Leone,SLE,2030,wind,357,7.841608
Sierra Leone,SLE,2040,solar,165,1.668717
Sierra Leone,SLE,2040,wind,357,8.126371
Sierra Leone,SLE,2050,solar,166,2.137506
Sierra Leone,SLE,2050,wind,357,8.828242
Slovakia,SVK,2030,solar,157,0.398993
Slovakia,SVK,2030,wind,218,1.049477
Slovakia,SVK,2040,solar,157,0.4518
Slovakia,SVK,2040,wind,218,1.151169
Slovakia,SVK,2050,solar,157,0.623035
Slovakia,SVK,2050,wind,218,1.584163
Slovenia,SVN,2030,solar,8,0.007498
Slovenia,SVN,2030,wind,54,0.169215
Slovenia,SVN,2040,solar,8,0.015728
Slovenia,SVN,2040,wind,54,0.191271
Slovenia,SVN,2050,solar,8,0.015728
Slovenia,SVN,2050,wind,62,0.302303
Somaliland,-99,2030,solar,169,2.370557
Somaliland,-99,2040,solar,169,2.545876
Somaliland,-99,2050,solar,169,3.461631
Somaliland,-99,2050,wind,1,0.003414
South Africa,ZAF,2030,solar,5979,42.05835
South Africa,ZAF,2030,wind,3556,39.602086
South Africa,ZAF,2040,solar,5983,46.569032
South Africa,ZAF,2040,wind,3557,43.048018
South Africa,ZAF,2050,solar,6144,61.900738
South Africa,ZAF,2050,wind,3961,59.964294
South Korea,KOR,2030,solar,253,1.305431
South Korea,KOR,2030,wind,217,7.440542
South Korea,KOR,2040,solar,253,1.508779
South Korea,KOR,2040,wind,220,8.216466
South Korea,KOR,2050,solar,253,1.910019
South Korea,KOR,2050,wind,221,11.401405
Spain,ESP,2030,solar,1466,8.92153
Spain,ESP,2030,wind,2852,26.955578
Spain,ESP,2040,solar,4195,35.342806
Spain,ESP,2040,wind,2852,29.610568
Spain,ESP,2050,solar,4195,35.342806
Spain,ESP,2050,wind,3027,39.603377
Sri Lanka,LKA,2030,solar,255,7.651031
Sri Lanka,LKA,2030,wind,385,9.449926
Sri Lanka,LKA,2040,solar,255,8.081449
Sri Lanka,LKA,2040,wind,387,10.839783
Sri Lanka,LKA,2050,solar,255,10.044548
Sri Lanka,LKA,2050,wind,387,15.293546
Sudan,SDN,2030,solar,1512,29.759811
Sudan,SDN,2030,wind,1153,14.667516
Sudan,SDN,2040,solar,1512,32.287068
Sudan,SDN,2040,wind,1153,16.097752
Sudan,SDN,2050,solar,1519,42.665311
Sudan,SDN,2050,wind,1233,24.595754
Suriname,SUR,2030,solar,24,0.199436
Suriname,SUR,2030,wind,1,0.024599
Suriname,SUR,2040,solar,24,0.236659
Suriname,SUR,2040,wind,1,0.025953
Suriname,SUR,2050,solar,24,0.327537
Suriname,SUR,2050,wind,1,0.036673
Sweden,SWE,2030,solar,166,0.331336
Sweden,SWE,2030,wind,717,4.073673
Sweden,SWE,2040,solar,166,0.349615
Sweden,SWE,2040,wind,721,4.522646
Sweden,SWE,2050,solar,166,0.397579
Sweden,SWE,2050,wind,722,6.163834
Switzerland,CHE,2030,solar,58,0.368494
Switzerland,CHE,2030,wind,186,1.314792
Switzerland,CHE,2040,solar,327,2.742076
Switzerland,CHE,2040,wind,186,1.469186
Switzerland,CHE,2050,solar,327,2.755622
Switzerland,CHE,2050,wind,186,2.123298
Syria,SYR,2030,solar,968,4.909567
Syria,SYR,2030,wind,788,5.956772
Syria,SYR,2040,solar,971,5.44967
Syria,SYR,2040,wind,789,6.725919
Syria,SYR,2050,solar,1051,7.828174
Syria,SYR,2050,wind,925,9.706325
Tajikistan,TJK,2030,solar,219,0.810542
Tajikistan,TJK,2030,wind,241,2.981162
Tajikistan,TJK,2040,solar,219,0.899652
Tajikistan,TJK,2040,wind,241,3.456136
Tajikistan,TJK,2050,solar,219,1.211682
Tajikistan,TJK,2050,wind,258,4.390101
Tanzania,TZA,2030,solar,1295,21.824937
Tanzania,TZA,2030,wind,1057,19.342594
Tanzania,TZA,2040,solar,1295,23.728943
Tanzania,TZA,2040,wind,1057,21.945097
Tanzania,TZA,2050,solar,1295,30.363534
Tanzania,TZA,2050,wind,1217,31.508361
Thailand,THA,2030,solar,1249,5.789432
Thailand,THA,2030,wind,2314,55.069139
Thailand,THA,2040,solar,1256,6.309883
Thailand,THA,2040,wind,2317,59.223724
Thailand,THA,2050,solar,1276,7.969615
Thailand,THA,2050,wind,2491,80.727017
Togo,TGO,2030,solar,396,2.038166
Togo,TGO,2030,wind,125,3.320874
Togo,TGO,2040,solar,396,2.25913
Togo,TGO,2040,wind,125,3.614771
Togo,TGO,2050,solar,396,3.176458
Togo,TGO,2050,wind,125,4.53169
Tunisia,TUN,2030,solar,698,9.287946
Tunisia,TUN,2030,wind,524,2.611896
Tunisia,TUN,2040,solar,698,10.197012
Tunisia,TUN,2040,wind,524,2.779354
Tunisia,TUN,2050,solar,698,14.999278
Tunisia,TUN,2050,wind,524,3.697583
Turkey,TUR,2030,solar,1776,7.41587
Turkey,TUR,2030,wind,4065,36.896676
Turkey,TUR,2040,solar,1825,8.133764
Turkey,TUR,2040,wind,4170,43.553599
Turkey,TUR,2050,solar,1827,9.616583
Turkey,TUR,2050,wind,4542,63.476946
Turkmenistan,TKM,2030,solar,1598,23.307819
Turkmenistan,TKM,2030,wind,1208,26.088227
Turkmenistan,TKM,2040,solar,1599,25.831438
Turkmenistan,TKM,2040,wind,1208,28.412347
Turkmenistan,TKM,2050,solar,1603,34.268991
Turkmenistan,TKM,2050,wind,1296,39.816593
Uganda,UGA,2030,solar,1017,7.650691
Uganda,UGA,2030,wind,1055,26.187523
Uganda,UGA,2040,solar,1017,8.377029
Uganda,UGA,2040,wind,1055,29.610319
Uganda,UGA,2050,solar,1019,10.54897
Uganda,UGA,2050,wind,1055,40.030996
Ukraine,UKR,2030,solar,1772,7.868437
Ukraine,UKR,2030,wind,4201,73.240802
Ukraine,UKR,2040,solar,1778,8.55374
Ukraine,UKR,2040,wind,4201,81.076521
Ukraine,UKR,2050,solar,1779,10.668311
Ukraine,UKR,2050,wind,4401,104.699534
United Arab Emirates,ARE,2030,solar,296,4.014431
United Arab Emirates,ARE,2030,wind,221,3.091303
United Arab Emirates,ARE,2040,solar,297,5.032093
United Arab Emirates,ARE,2040,wind,221,3.397227
United Arab Emirates,ARE,2050,solar,297,6.997596
United Arab Emirates,ARE,2050,wind,249,4.381484
United Kingdom,GBR,2030,solar,1661,18.985
United Kingdom,GBR,2030,wind,1248,19.723219
United Kingdom,GBR,2040,solar,1664,20.637469
United Kingdom,GBR,2040,wind,1251,21.255276
United Kingdom,GBR,2050,solar,1667,23.915672
United Kingdom,GBR,2050,wind,1251,29.538247
United States of America,USA,2030,solar,40486,591.429492
United States of America,USA,2030,wind,31497,339.264779
United States of America,USA,2040,solar,40525,643.092361
United States of America,USA,2040,wind,31752,373.683864
United States of America,USA,2050,solar,40760,818.835637
United States of America,USA,2050,wind,33814,520.222063
Uruguay,URY,2030,solar,1076,5.871477
Uruguay,URY,2030,wind,488,2.619827
Uruguay,URY,2040,solar,1077,6.523104
Uruguay,URY,2040,wind,488,3.956836
Uruguay,URY,2050,solar,1077,8.885375
Uruguay,URY,2050,wind,568,5.945063
Uzbekistan,UZB,2030,solar,1419,22.807724
Uzbekistan,UZB,2030,wind,1016,9.438927
Uzbekistan,UZB,2040,solar,1420,25.326697
Uzbekistan,UZB,2040,wind,1016,10.478885
Uzbekistan,UZB,2050,solar,1420,34.393795
Uzbekistan,UZB,2050,wind,1292,15.221375
Venezuela,VEN,2030,solar,2166,21.414354
Venezuela,VEN,2030,wind,1974,21.956439
Venezuela,VEN,2040,solar,2228,23.357949
Venezuela,VEN,2040,wind,1976,24.082861
Venezuela,VEN,2050,solar,2229,31.784217
Venezuela,VEN,2050,wind,2077,33.892151
Vietnam,VNM,2030,solar,715,5.967063
Vietnam,VNM,2030,wind,1296,35.701894
Vietnam,VNM,2040,solar,715,6.426624
Vietnam,VNM,2040,wind,1297,38.327774
Vietnam,VNM,2050,solar,716,7.761363
Vietnam,VNM,2050,wind,1297,53.476466
W. Sahara,ESH,2030,solar,6,0.706702
W. Sahara,ESH,2030,wind,6,0.493826
W. Sahara,ESH,2040,solar,6,0.750218
W. Sahara,ESH,2040,wind,6,0.553257
W. Sahara,ESH,2050,solar,6,0.806076
W. Sahara,ESH,2050,wind,6,0.802485
Yemen,YEM,2030,solar,548,9.169508
Yemen,YEM,2030,wind,545,5.182105
Yemen,YEM,2040,solar,551,9.900079
Yemen,YEM,2040,wind,588,6.029162
Yemen,YEM,2050,solar,622,13.163775
Yemen,YEM,2050,wind,596,8.438927
Zambia,ZMB,2030,solar,1692,22.251087
Zambia,ZMB,2030,wind,898,8.12198
Zambia,ZMB,2040,solar,1692,24.846672
Zambia,ZMB,2040,wind,898,8.843009
Zambia,ZMB,2050,solar,1692,33.777641
Zambia,ZMB,2050,wind,968,13.337446
Zimbabwe,ZWE,2030,solar,1608,14.70148
Zimbabwe,ZWE,2030,wind,1321,19.606604
Zimbabwe,ZWE,2040,solar,1613,16.099505
Zimbabwe,ZWE,2040,wind,1321,21.664312
Zimbabwe,ZWE,2050,solar,1618,21.431079
Zimbabwe,ZWE,2050,wind,1540,32.228782
eSwatini,SWZ,2030,solar,128,0.880328
eSwatini,SWZ,2030,wind,44,0.394611
eSwatini,SWZ,2040,solar,128,1.062842
eSwatini,SWZ,2040,wind,44,0.406187
eSwatini,SWZ,2050,solar,128,1.387212
eSwatini,SWZ,2050,wind,44,0.561614
